Severity/Risk,Versions Affected,Versions Fixed,CVE Identifier,Tracker Issue
Minor,"4.4 to 4.4.3, 4.3 to 4.3.7, 4.2 to 4.2.10, 4.1 to 4.1.13 and earlier unsupported versions","4.4.4, 4.3.8, 4.2.11 and 4.1.14",CVE-2024-48901,MDL-83180 IDOR when fetching report schedules
Minor,4.4 to 4.4.3,4.4.4,CVE-2024-48900,MDL-83178 IDOR when accessing list of badge recipients
Minor,4.4 to 4.4.3,4.4.4,CVE-2024-48899,MDL-83179 IDOR when accessing list of course badges
Minor,"4.4 to 4.4.3, 4.3 to 4.3.7, 4.2 to 4.2.10, 4.1 to 4.1.13 and earlier unsupported versions","4.4.4, 4.3.8, 4.2.11 and 4.1.14",CVE-2024-48898,MDL-83181 Some users can delete audiences of other reports
Minor,"4.4 to 4.4.3, 4.3 to 4.3.7, 4.2 to 4.2.10, 4.1 to 4.1.13 and earlier unsupported versions","4.4.4, 4.3.8, 4.2.11 and 4.1.14",CVE-2024-48897,MDL-82386 IDOR in edit/delete RSS feed
Minor,"4.4 to 4.4.3, 4.3 to 4.3.7, 4.2 to 4.2.10, 4.1 to 4.1.13 and earlier unsupported versions","4.4.4, 4.3.8, 4.2.11 and 4.1.14",CVE-2024-48896,MDL-83352 Users' names returned in messaging error message
Minor,"4.4 to 4.4.2, 4.3 to 4.3.6, 4.2 to 4.2.9, 4.1 to 4.1.12 and earlier unsupported versions","4.4.3, 4.3.7, 4.2.10 and 4.1.13",CVE-2024-45691,MDL-82365 Lesson activity password bypass through PHP loose comparison
Minor,"4.4 to 4.4.2, 4.3 to 4.3.6, 4.2 to 4.2.9, 4.1 to 4.1.12 and earlier unsupported versions","4.4.3, 4.3.7, 4.2.10 and 4.1.13",CVE-2024-45690,MDL-76962 IDOR when deleting OAuth2 linked accounts
Serious,"4.4 to 4.4.2, 4.3 to 4.3.6, 4.2 to 4.2.9, 4.1 to 4.1.12 and earlier unsupported versions","4.4.3, 4.3.7, 4.2.10 and 4.1.13",CVE-2024-45689,MDL-82567 Unprotected access to sensitive information via dynamic tables
Serious,"4.4 to 4.4.1, 4.3 to 4.3.5, 4.2 to 4.2.8, 4.1 to 4.1.11 and earlier unsupported versions","4.4.2, 4.3.6, 4.2.9 and 4.1.12",CVE-2024-43440,MDL-82392 LFI vulnerability when restoring malformed block backups
Serious,"4.4 to 4.4.1, 4.3 to 4.3.5, 4.2 to 4.2.8, 4.1 to 4.1.11 and earlier unsupported versions","4.4.2, 4.3.6, 4.2.9 and 4.1.12",CVE-2024-43439,MDL-82558 Reflected XSS via H5P error message
Minor,"4.4 to 4.4.1, 4.3 to 4.3.5, 4.2 to 4.2.8, 4.1 to 4.1.11 and earlier unsupported versions","4.4.2, 4.3.6, 4.2.9 and 4.1.12",CVE-2024-43438,MDL-82261 IDOR in Feedback non-respondents report allows messaging arbitrary site users
Minor,"4.4 to 4.4.1, 4.3 to 4.3.5, 4.2 to 4.2.8, 4.1 to 4.1.11 and earlier unsupported versions","4.4.2, 4.3.6, 4.2.9 and 4.1.12",CVE-2024-43437,MDL-81394 XSS risk when restoring malicious course backup file
Serious,"4.4 to 4.4.1, 4.3 to 4.3.5, 4.2 to 4.2.8, 4.1 to 4.1.11 and earlier unsupported versions","4.4.2, 4.3.6, 4.2.9 and 4.1.12",CVE-2024-43436,MDL-82395 Site administration SQL injection via XMLDB editor
Minor,"4.4 to 4.4.1, 4.3 to 4.3.5, 4.2 to 4.2.8, 4.1 to 4.1.11 and earlier unsupported versions","4.4.2, 4.3.6, 4.2.9 and 4.1.12",CVE-2024-43435,MDL-64984 Can create global glossary without being admin
Serious,"4.4 to 4.4.1, 4.3 to 4.3.5, 4.2 to 4.2.8, 4.1 to 4.1.11 and earlier unsupported versions","4.4.2, 4.3.6, 4.2.9 and 4.1.12",CVE-2024-43434,MDL-82262 CSRF risk in Feedback non-respondents report
Minor,4.4 to 4.4.1 and 4.3 to 4.3.5,"4.4.2, 4.3.6",CVE-2024-43433,MDL-81951 Matrix user/power level management not always working as expected with suspended users
Minor,"4.4 to 4.4.1, 4.3 to 4.3.5, 4.2 to 4.2.8, 4.1 to 4.1.11 and earlier unsupported versions","4.4.2, 4.3.6, 4.2.9 and 4.1.12",CVE-2024-43432,"MDL-82136 Authorization headers preserved between ""emulated redirects"""
Serious,"4.4 to 4.4.1, 4.3 to 4.3.5, 4.2 to 4.2.8, 4.1 to 4.1.11 and earlier unsupported versions","4.4.2, 4.3.6, 4.2.9 and 4.1.12",CVE-2024-43431,MDL-82390 IDOR in badges allows deletion of arbitrary badges
Minor,4.4 and 4.4.1,4.4.2,CVE-2024-43430,MDL-82633 Lack of access control when using external methods for Quiz overrides
Minor,"4.4 to 4.4.1, 4.3 to 4.3.5, 4.2 to 4.2.8, 4.1 to 4.1.11 and earlier unsupported versions","4.4.2, 4.3.6, 4.2.9 and 4.1.12",CVE-2024-43429,MDL-79541 User information visibility control issues in gradebook reports
Serious,"4.4 to 4.4.1, 4.3 to 4.3.5, 4.2 to 4.2.8, 4.1 to 4.1.11 and earlier unsupported versions","4.4.2, 4.3.6, 4.2.9 and 4.1.12",CVE-2024-43428,MDL-81718 Cache poisoning via injection into storage
Minor,"4.4 to 4.4.1, 4.3 to 4.3.5, 4.2 to 4.2.8, 4.1 to 4.1.11 and earlier unsupported versions","4.4.2, 4.3.6, 4.2.9 and 4.1.12",CVE-2024-43427,MDL-79373 Admin presets export tool includes some secrets that should not be exported
Serious,"4.4 to 4.4.1, 4.3 to 4.3.5, 4.2 to 4.2.8, 4.1 to 4.1.11 and earlier unsupported versions","4.4.2, 4.3.6, 4.2.9 and 4.1.12",CVE-2024-43426,MDL-82745 Arbitrary file read risk through pdfTeX
Serious,"4.4 to 4.4.1, 4.3 to 4.3.5, 4.2 to 4.2.8, 4.1 to 4.1.11 and earlier unsupported versions","4.4.2, 4.3.6, 4.2.9 and 4.1.12",CVE-2024-43425,MDL-82576 Remote code execution via calculated question types
Minor,"4.4, 4.3 to 4.3.4, 4.2 to 4.2.7, 4.1 to 4.1.10 and earlier unsupported versions","4.4.1, 4.3.5, 4.2.8 and 4.1.11",CVE-2024-38277,MDL-80959 QR login key and auto-login key for the Moodle mobile app should be generated as separate keys
Serious,"4.4, 4.3 to 4.3.4, 4.2 to 4.2.7, 4.1 to 4.1.10 and earlier unsupported versions","4.4.1, 4.3.5, 4.2.8 and 4.1.11",CVE-2024-38276,MDL-81890 CSRF risks due to misuse of confirm_sesskey
Minor,"4.4, 4.3 to 4.3.4, 4.2 to 4.2.7, 4.1 to 4.1.10 and earlier unsupported versions","4.4.1, 4.3.5, 4.2.8 and 4.1.11",CVE-2024-38275,"MDL-81774 HTTP authorization header is preserved between ""emulated redirects"""
Minor,"4.4, 4.3 to 4.3.4, 4.2 to 4.2.7, 4.1 to 4.1.10 and earlier unsupported versions","4.4.1, 4.3.5, 4.2.8 and 4.1.11",CVE-2024-38274,MDL-81412 Stored XSS via calendar's event title when deleting the event
Minor,"4.4, 4.3 to 4.3.4, 4.2 to 4.2.7, 4.1 to 4.1.10 and earlier unsupported versions","4.4.1, 4.3.5, 4.2.8 and 4.1.11",CVE-2024-38273,MDL-81778 BigBlueButton web service leaks meeting joining information to users who should not have access
Minor,4.3 to 4.3.3,4.3.4,CVE-2024-34009,MDL-81463 ReCAPTCHA can be bypassed on the login page
Minor,"4.0 to 4.3.3, 4.2 to 4.2.6, 4.1 to 4.1.9 and earlier unsupported versions","4.3.4, 4.2.7 and 4.1.10",CVE-2024-34008,MDL-81059 CSRF risk in analytics management of models
Minor,4.3 to 4.3.3,4.3.4,CVE-2024-34007,MDL-80877 Logout CSRF in admin/tool/mfa/auth.php
Minor,"4.0 to 4.3.3, 4.2 to 4.2.6, 4.1 to 4.1.9 and earlier unsupported versions","4.3.4, 4.2.7 and 4.1.10",CVE-2024-34006,MDL-80585 Unsanitized HTML in site log for config_log_created
Serious,"4.0 to 4.3.3, 4.2 to 4.2.6, 4.1 to 4.1.9 and earlier unsupported versions","4.3.4, 4.2.7 and 4.1.10",CVE-2024-34005,MDL-81267 Authenticated LFI risk in some misconfigured shared hosting environments via modified mod_data backup
Serious,"4.0 to 4.3.3, 4.2 to 4.2.6, 4.1 to 4.1.9 and earlier unsupported versions","4.3.4, 4.2.7 and 4.1.10",CVE-2024-34004,MDL-81284 Authenticated LFI risk in some misconfigured shared hosting environments via modified mod_wiki backup
Serious,"4.0 to 4.3.3, 4.2 to 4.2.6, 4.1 to 4.1.9 and earlier unsupported versions","4.3.4, 4.2.7 and 4.1.10",CVE-2024-34003,MDL-80712 Authenticated LFI risk in some misconfigured shared hosting environments via modified mod_workshop backup
Serious,"4.0 to 4.3.3, 4.2 to 4.2.6, 4.1 to 4.1.9 and earlier unsupported versions","4.3.4, 4.2.7 and 4.1.10",CVE-2024-34002,MDL-81135 Authenticated LFI risk in some misconfigured shared hosting environments via modified mod_feedback backup
Minor,"4.0 to 4.3.3, 4.2 to 4.2.6, 4.1 to 4.1.9 and earlier unsupported versions","4.3.4, 4.2.7 and 4.1.10",CVE-2024-34001,MDL-81058 CSRF risk in admin preset tool management of presets
Minor,"4.0 to 4.3.3, 4.2 to 4.2.6, 4.1 to 4.1.9 and earlier unsupported versions","4.3.4, 4.2.7 and 4.1.10",CVE-2024-34000,MDL-81062 Stored XSS in lesson overview report via user ID number
Minor,4.3 to 4.3.3,4.3.4,CVE-2024-33999,MDL-80878 Unsafe direct use of $_SERVER['HTTP_REFERER'] in admin/tool/mfa/index.php
Minor,"4.0 to 4.3.3, 4.2 to 4.2.6, 4.1 to 4.1.9 and earlier unsupported versions","4.3.4, 4.2.7 and 4.1.10",CVE-2024-33998,MDL-81354 Stored XSS via user's name on participants page when opening some options
Minor,"4.0 to 4.3.3, 4.2 to 4.2.6, 4.1 to 4.1.9 and earlier unsupported versions","4.3.4, 4.2.7 and 4.1.10",CVE-2024-33997,MDL-81352 Stored XSS risk when editing another user's equation in equation editor
Serious,"4.0 to 4.3.3, 4.2 to 4.2.6, 4.1 to 4.1.9 and earlier unsupported versions","4.3.4, 4.2.7 and 4.1.10",CVE-2024-33996,MDL-81247 Broken access control when setting calendar event type
Minor,"4.3 to 4.3.2, 4.2 to 4.2.5, 4.1 to 4.1.8 and earlier unsupported versions","4.3.3, 4.2.6 and 4.1.9",CVE-2024-25983,MDL-78300 IDOR on dashboard comments block
Minor,"4.3 to 4.3.2, 4.2 to 4.2.5, 4.1 to 4.1.8 and earlier unsupported versions","4.3.3, 4.2.6 and 4.1.9",CVE-2024-25982,MDL-54749 CSRF risk in Language import utility
Minor,"4.3 to 4.3.2, 4.2 to 4.2.5, 4.1 to 4.1.8 and earlier unsupported versions","4.3.3, 4.2.6 and 4.1.9",CVE-2024-25981,MDL-80504 Forum export did not respect activity group settings
Minor,"4.3 to 4.3.2, 4.2 to 4.2.5, 4.1 to 4.1.8 and earlier unsupported versions","4.3.3, 4.2.6 and 4.1.9",CVE-2024-25980,MDL-80501 H5P attempts report did not respect activity group settings
Minor,"4.3 to 4.3.2, 4.2 to 4.2.5, 4.1 to 4.1.8 and earlier unsupported versions","4.3.3, 4.2.6 and 4.1.9",CVE-2024-25979,MDL-69774 Forum search accepted random parameters in its URL
Serious,"4.3 to 4.3.2, 4.2 to 4.2.5, 4.1 to 4.1.8 and earlier unsupported versions","4.3.3, 4.2.6 and 4.1.9",CVE-2024-25978,MDL-74641 Denial of service risk in file picker unzip functionality
Serious,4.3 and 4.2 to 4.2.3,4.3.1 and 4.2.4,CVE-2023-6670,MDL-79839 Reflected XSS risk on ad-hoc tasks page
Minor,"4.3, 4.2 to 4.2.3, 4.1 to 4.1.6, 4.0 to 4.0.11, 3.11 to 3.11.17, 3.9 to 3.9.24 and earlier unsupported versions","4.3.1, 4.2.4, 4.1.7, 4.0.12, 3.11.18 and 3.9.25",CVE-2023-6669,MDL-80309 XSS risk when manually running a task in the admin UI
Minor,"4.3, 4.2 to 4.2.3, 4.1 to 4.1.6, 4.0 to 4.0.11, 3.11 to 3.11.17, 3.9 to 3.9.24 and earlier unsupported versions","4.3.1, 4.2.4, 4.1.7, 4.0.12, 3.11.18 and 3.9.25",CVE-2023-6668,MDL-80268 Badge recipients are available to all users
Minor,"4.3, 4.2 to 4.2.3, 4.1 to 4.1.6, 4.0 to 4.0.11, 3.11 to 3.11.17, 3.9 to 3.9.24 and earlier unsupported versions","4.3.1, 4.2.4, 4.1.7, 4.0.12, 3.11.18 and 3.9.25",CVE-2023-6667,MDL-79980 Survey responses did not respect group settings
Minor,4.3 and 4.2 to 4.2.3,4.3.1 and 4.2.4,CVE-2023-6666,MDL-80287 Reflected XSS risk in grader report search
Minor,4.3 and 4.2 to 4.2.3,4.3.1 and 4.2.4,CVE-2023-6665,MDL-80239 Stored XSS in grader report via user ID number
Minor,"4.3, 4.2 to 4.2.3, 4.1 to 4.1.6, 4.0 to 4.0.11, 3.11 to 3.11.17, 3.9 to 3.9.24 and earlier unsupported versions","4.3.1, 4.2.4, 4.1.7, 4.0.12, 3.11.18 and 3.9.25",CVE-2023-6664,MDL-41465 Logs and Live logs course reports did not respect activity group settings
Serious,"4.3, 4.2 to 4.2.3, 4.1 to 4.1.6, 4.0 to 4.0.11, 3.11 to 3.11.17, 3.9 to 3.9.24 and earlier unsupported versions","4.3.1, 4.2.4, 4.1.7, 4.0.12, 3.11.18 and 3.9.25",CVE-2023-6663,MDL-79797 Authenticated remote code execution risk in course blocks
Serious,"4.3, 4.2 to 4.2.3, 4.1 to 4.1.6, 4.0 to 4.0.11, 3.11 to 3.11.17, 3.9 to 3.9.24 and earlier unsupported versions","4.3.1, 4.2.4, 4.1.7, 4.0.12, 3.11.18 and 3.9.25",CVE-2023-6662,MDL-79759 DOS risk in URL downloader
Serious,"4.3, 4.2 to 4.2.3, 4.1 to 4.1.6, 4.0 to 4.0.11, 3.11 to 3.11.17, 3.9 to 3.9.24 and earlier unsupported versions","4.3.1, 4.2.4, 4.1.7, 4.0.12, 3.11.18 and 3.9.25",CVE-2023-6661,MDL-80174 Authenticated remote code execution risk in logstore as manager
Minor,"4.2 to 4.2.2, 4.1 to 4.1.5, 4.0 to 4.0.10, 3.11 to 3.11.16, 3.9 to 3.9.23 and earlier unsupported versions","4.2.3, 4.1.6, 4.0.11, 3.11.17 and 3.9.24",CVE-2023-5551,MDL-79310 Forum summary report shows students from other groups when in Separate Groups mode
Serious,"4.2 to 4.2.2, 4.1 to 4.1.5, 4.0 to 4.0.10, 3.11 to 3.11.16, 3.9 to 3.9.23 and earlier unsupported versions","4.2.3, 4.1.6, 4.0.11, 3.11.17 and 3.9.24",CVE-2023-5550,MDL-72249 RCE due to LFI risk in some misconfigured shared hosting environments
Minor,"4.2 to 4.2.2, 4.1 to 4.1.5, 4.0 to 4.0.10, 3.11 to 3.11.16, 3.9 to 3.9.23 and earlier unsupported versions","4.2.3, 4.1.6, 4.0.11, 3.11.17 and 3.9.24",CVE-2023-5549,MDL-66730 Insufficient capability checks when updating the parent of a course category
Minor,"4.2 to 4.2.2, 4.1 to 4.1.5, 4.0 to 4.0.10, 3.11 to 3.11.16, 3.9 to 3.9.23 and earlier unsupported versions","4.2.3, 4.1.6, 4.0.11, 3.11.17 and 3.9.24",CVE-2023-5548,MDL-77846 Make file serving endpoints revision control stricter
Minor,"4.2 to 4.2.2, 4.1 to 4.1.5, 4.0 to 4.0.10, 3.11 to 3.11.16, 3.9 to 3.9.23 and earlier unsupported versions","4.2.3, 4.1.6, 4.0.11, 3.11.17 and 3.9.24",CVE-2023-5547,MDL-79455 XSS risk when previewing data in course upload tool
Minor,"4.2 to 4.2.2, 4.1 to 4.1.5 and 4.0 to 4.0.10","4.2.3, 4.1.6 and 4.0.11",CVE-2023-5546,MDL-78971 Stored XSS in quiz grading report via user ID number
Minor,"4.2 to 4.2.2, 4.1 to 4.1.5, 4.0 to 4.0.10, 3.11 to 3.11.16, 3.9 to 3.9.23 and earlier unsupported versions","4.2.3, 4.1.6, 4.0.11, 3.11.17 and 3.9.24",CVE-2023-5545,MDL-78820 Auto-populated H5P author name causes a potential information leak
Serious,"4.2 to 4.2.2, 4.1 to 4.1.5, 4.0 to 4.0.10, 3.11 to 3.11.16, 3.9 to 3.9.23 and earlier unsupported versions","4.2.3, 4.1.6, 4.0.11, 3.11.17 and 3.9.24",CVE-2023-5544,MDL-79509 Stored XSS and potential IDOR risk in Wiki comments
Minor,"4.2 to 4.2.2, 4.1 to 4.1.5 and 4.0 to 4.0.10","4.2.3, 4.1.6 and 4.0.11",CVE-2023-5543,MDL-77795 Duplicating a BigBlueButton activity assigns the same meeting ID
Minor,4.2.2,4.2.3,CVE-2023-5542,"MDL-79213 Students could see other students in ""Only see own membership"" groups"
Minor,"4.2 to 4.2.2, 4.1 to 4.1.5, 4.0 to 4.0.10, 3.11 to 3.11.16, 3.9 to 3.9.23 and earlier unsupported versions","4.2.3, 4.1.6, 4.0.11, 3.11.17 and 3.9.24",CVE-2023-5541,MDL-79426 XSS risk when using CSV grade import method
Serious,"4.2 to 4.2.2, 4.1 to 4.1.5, 4.0 to 4.0.10, 3.11 to 3.11.16, 3.9 to 3.9.23 and earlier unsupported versions","4.2.3, 4.1.6, 4.0.11, 3.11.17 and 3.9.24",CVE-2023-5540,MDL-79409 Authenticated remote code execution risk in IMSCP
Serious,"4.2 to 4.2.2, 4.1 to 4.1.5, 4.0 to 4.0.10, 3.11 to 3.11.16, 3.9 to 3.9.23 and earlier unsupported versions","4.2.3, 4.1.6, 4.0.11, 3.11.17 and 3.9.24",CVE-2023-5539,MDL-79408 Authenticated remote code execution risk in Lesson
Minor,"4.2 to 4.2.1, 4.1 to 4.1.4, 4.0 to 4.0.9, 3.11 to 3.11.15, 3.9 to 3.9.22 and earlier unsupported versions","4.2.2, 4.1.5, 4.0.10, 3.11.16 and 3.9.23",CVE-2023-40325,MDL-71728 Quiz sequential navigation bypass possible
Minor,"4.2 to 4.2.1, 4.1 to 4.1.4, 4.0 to 4.0.9, 3.11 to 3.11.15, 3.9 to 3.9.22 and earlier unsupported versions","4.2.2, 4.1.5, 4.0.10, 3.11.16 and 3.9.23",CVE-2023-40324,MDL-66212 Competency framework tools are not restricted as intended
Minor,"4.2 to 4.2.1, 4.1 to 4.1.4, 4.0 to 4.0.9, 3.11 to 3.11.15, 3.9 to 3.9.22 and earlier unsupported versions","4.2.2, 4.1.5, 4.0.10, 3.11.16 and 3.9.23",CVE-2023-40323,MDL-78763 Open redirect risk on admin view all policies page
Minor,"3.11 to 3.11.15, 3.9 to 3.9.22 and earlier unsupported versions",3.11.16 and 3.9.23,"CVE-2022-31160, CVE-2021-41184, CVE-2021-41183 and CVE-2021-41182",MDL-74544 JQuery UI library upgraded to 1.13.2 (upstream)
Minor,"4.2 to 4.2.1, 4.1 to 4.1.4, 4.0 to 4.0.9, 3.11 to 3.11.15, 3.9 to 3.9.22 and earlier unsupported versions","4.2.2, 4.1.5, 4.0.10, 3.11.16 and 3.9.23",CVE-2023-40322,MDL-78792 IDOR in message processor fragments allows fetching of other users' data
Serious,"4.0 to 4.0.9, 3.11 to 3.11.15, 3.9 to 3.9.22 and earlier unsupported versions","4.0.10, 3.11.16 and 3.9.23",CVE-2022-39369,MDL-78620 phpCAS library upgraded to 1.6.0 (upstream)
Minor,4.2 to 4.2.1,4.2.2,CVE-2023-40321,MDL-78871 Private course participant data available from external grade report method
Serious,"4.2 to 4.2.1, 4.1 to 4.1.4, 4.0 to 4.0.9, 3.11 to 3.11.15, 3.9 to 3.9.22 and earlier unsupported versions","4.2.2, 4.1.5, 4.0.10, 3.11.16 and 3.9.23",CVE-2023-40320,MDL-78685 Stored self-XSS escalated to stored XSS via OAuth 2 login
Serious,4.2 to 4.2.1,4.2.2,CVE-2023-40319,MDL-78790 SQL injection risk in grader report sorting
Minor,"4.2 to 4.2.1, 4.1 to 4.1.4, 4.0 to 4.0.9, 3.11 to 3.11.15, 3.9 to 3.9.22 and earlier unsupported versions","4.2.2, 4.1.5, 4.0.10, 3.11.16 and 3.9.23",CVE-2023-40318,MDL-78340 Some block permissions on Dashboard not respected
Serious,"4.2 to 4.2.1, 4.1 to 4.1.4, 4.0 to 4.0.9, 3.11 to 3.11.15, 3.9 to 3.9.22 and earlier unsupported versions","4.2.2, 4.1.5, 4.0.10, 3.11.16 and 3.9.23",CVE-2023-40317,MDL-78647 Remote code execution risk when parsing malformed file repository reference
Serious,"4.2 to 4.2.1, 4.1 to 4.1.4, 4.0 to 4.0.9, 3.11 to 3.11.15, 3.9 to 3.9.22 and earlier unsupported versions","4.2.2, 4.1.5, 4.0.10, 3.11.16 and 3.9.23",CVE-2023-40316,MDL-74289 Proxy bypass risk due to insufficient validation
Serious,"4.2, 4.1 to 4.1.3, 4.0 to 4.0.8, 3.11 to 3.11.14, 3.9 to 3.9.21 and earlier unsupported versions","4.2.1, 4.1.4, 4.0.9, 3.11.15 and 3.9.22",CVE-2023-35133,MDL-78215 SSRF risk due to insufficient check on the cURL blocked hosts list
Minor,"4.2, 4.1 to 4.1.3, 4.0 to 4.0.8, 3.11 to 3.11.14, 3.9 to 3.9.21 and earlier unsupported versions","4.2.1, 4.1.4, 4.0.9, 3.11.15 and 3.9.22",CVE-2023-35132,MDL-77193 Minor SQL injection risk on Mnet SSO access control page
Minor,"4.2, 4.1 to 4.1.3, 4.0 to 4.0.8 and 3.11 to 3.11.14","4.2.1, 4.1.4, 4.0.9 and 3.11.15",CVE-2023-35131,MDL-76683 XSS risk on groups page
Minor,"4.1 to 4.1.2, 4.0 to 4.0.7, 3.11 to 3.11.13, 3.9 to 3.9.20 and earlier unsupported versions","4.1.3, 4.0.8, 3.11.14 and 3.9.21",CVE-2023-30944,MDL-77187 Minor SQL injection risk in external Wiki method for listing pages
Serious,4.1 to 4.1.2,4.1.3,CVE-2023-30943,MDL-77718 TinyMCE loaders susceptible to Arbitrary Folder Creation
Minor,4.1 to 4.1.1,4.1.2,CVE-2022-23494,MDL-77470 XSS risk in TinyMCE alerts (upstream)
Minor,"4.1 to 4.1.1, 4.0 to 4.0.6, 3.11 to 3.11.12, 3.9 to 3.9.19 and earlier unsupported versions","4.1.2, 4.0.7, 3.11.13 and 3.9.20",CVE-2023-1402,MDL-75517 Course participation report shows roles the user should not see
Minor,"4.1 to 4.1.1, 4.0 to 4.0.6, 3.11 to 3.11.12, 3.9 to 3.9.19 and earlier unsupported versions","4.1.2, 4.0.7, 3.11.13 and 3.9.20",CVE-2023-28336,MDL-76809 Teacher can access names of users they do not have permission to access
Minor,4.1 to 4.1.1,4.1.2,CVE-2023-28335,MDL-77008 CSRF risk in resetting all templates of a database activity
Minor,4.1 to 4.1.1 and 4.0 to 4.0.6,4.1.2 and 4.0.7,CVE-2023-28334,MDL-77129 Users' name enumeration possible via IDOR on learning plans page
Minor,"4.1 to 4.1.1, 4.0 to 4.0.6, 3.11 to 3.11.12, 3.9 to 3.9.19 and earlier unsupported versions","4.1.2, 4.0.7, 3.11.13 and 3.9.20",CVE-2023-28333,MDL-75659 Pix helper potential Mustache code injection risk
Minor,"4.1 to 4.1.1, 4.0 to 4.0.6, 3.11 to 3.11.12, 3.9 to 3.9.19 and earlier unsupported versions","4.1.2, 4.0.7, 3.11.13 and 3.9.20",CVE-2023-28332,MDL-77524 Algebra filter XSS when filter is misconfigured
Serious,"4.1 to 4.1.1, 4.0 to 4.0.6, 3.11 to 3.11.12, 3.9 to 3.9.19 and earlier unsupported versions","4.1.2, 4.0.7, 3.11.13 and 3.9.20",CVE-2023-28331,MDL-76645 XSS risk when outputting database activity filter data
Serious,"4.1 to 4.1.1, 4.0 to 4.0.6, 3.11 to 3.11.12, 3.9 to 3.9.19 and earlier unsupported versions","4.1.2, 4.0.7, 3.11.13 and 3.9.20",CVE-2023-28330,MDL-77204 Authenticated arbitrary file read through malformed backup file
Serious,"4.1 to 4.1.1, 4.0 to 4.0.6, 3.11 to 3.11.12, 3.9 to 3.9.19 and earlier unsupported versions","4.1.2, 4.0.7, 3.11.13 and 3.9.20",CVE-2023-28329,MDL-77046 Authenticated SQL injection via availability check
Minor,"4.1, 4.0 to 4.0.5, 3.11 to 3.11.11, 3.9 to 3.9.18 and earlier unsupported versions","4.1.1, 4.0.6, 3.11.12 and 3.9.19",CVE-2023-23923,"MDL-76862 Possible to set the preferred ""start page"" of other users"
Serious,4.1 and 4.0 to 4.0.5,"4.1.1, 4.0.6",CVE-2023-23922,MDL-76861 Reflected XSS risk in blog search
Serious,"4.1, 4.0 to 4.0.5, 3.11 to 3.11.11, 3.9 to 3.9.18 and earlier unsupported versions","4.1.1, 4.0.6, 3.11.12 and 3.9.19",CVE-2023-23921,MDL-76810 Reflected XSS risk in some returnurl parameters
Serious,"4.0 to 4.0.4, 3.11 to 3.11.10, 3.9 to 3.9.17 and earlier unsupported versions","4.0.5, 3.11.11 and 3.9.18",CVE-2022-45152,MDL-71920 Blind SSRF risk in LTI provider library
Serious,4.0 to 4.0.4 and 3.11 to 3.11.10,4.0.5 and 3.11.11,CVE-2022-45151,"MDL-76131 Stored XSS possible in some ""social"" user profile fields"
Serious,"4.0 to 4.0.4, 3.11 to 3.11.10, 3.9 to 3.9.17 and earlier unsupported versions","4.0.5, 3.11.11 and 3.9.18",CVE-2022-45150,MDL-76091 Reflected XSS risk in policy tool
Minor,"4.0 to 4.0.4, 3.11 to 3.11.10, 3.9 to 3.9.17 and earlier unsupported versions","4.0.5, 3.11.11 and 3.9.18",CVE-2022-45149,MDL-75862 Course restore - CSRF token passed in course redirect URL
Serious,"3.11 to 3.11.10, 3.9 to 3.9.17 and earlier unsupported versions",3.11.11 and 3.9.18,CVE-2021-23414 (upstream),MDL-75278 Apply upstream security fix to VideoJS library to remove XSS risk
Minor,"4.0 to 4.0.2, 3.11 to 3.11.8, 3.9 to 3.9.15 and earlier unsupported versions","4.0.3, 3.11.9 and 3.9.16",CVE-2022-40208,MDL-75210 Quiz sequential navigation bypass using web services
Minor,"4.0 to 4.0.3, 3.11 to 3.11.9, 3.9 to 3.9.16 and earlier unsupported versions","4.0.4, 3.11.10 and 3.9.17",CVE-2022-40316,MDL-71662 and MDL-72012 No groups filtering in H5P activity attempts report
Minor,"4.0 to 4.0.3, 3.11 to 3.11.9, 3.9 to 3.9.16 and earlier unsupported versions","4.0.4, 3.11.10 and 3.9.17",CVE-2022-40315,MDL-75283 Minor SQL injection risk in admin user browsing
Serious,"4.0 to 4.0.3, 3.11 to 3.11.9, 3.9 to 3.9.16 and earlier unsupported versions","4.0.4, 3.11.10 and 3.9.17",CVE-2022-40314,MDL-75405 Remote code execution risk when restoring malformed backup file from Moodle 1.9
Serious,"4.0 to 4.0.3, 3.11 to 3.11.9, 3.9 to 3.9.16 and earlier unsupported versions","4.0.4, 3.11.10 and 3.9.17",CVE-2022-40313,MDL-68066 Stored XSS and page denial of service risks due to recursive rendering in Mustache template helpers
Minor,4.0 to 4.0.2 and 3.11 to 3.11.8,4.0.3 and 3.11.9,CVE-2022-2986,MDL-75326 CSRF risk in enabling/disabling installed H5P libraries
Serious,"4.0 to 4.0.2, 3.11 to 3.11.8, 3.9 to 3.9.15 and earlier unsupported versions","4.0.3, 3.11.9 and 3.9.16",CVE-2022-0323,MDL-75388 Upgrade Mustache to latest version (upstream)
Minor,"4.0 to 4.0.1, 3.11 to 3.11.7, 3.9 to 3.9.14 and earlier unsupported versions","4.0.2, 3.11.8 and 3.9.15",N/A,MDL-74473 Upgrade moodle-mlbackend-python and update its reference in /lib/mlbackend/python/classes/processor.php (upstream)
Minor,"4.0 to 4.0.1, 3.11 to 3.11.7, 3.9 to 3.9.14 and earlier unsupported versions","4.0.2, 3.11.8 and 3.9.15",CVE-2022-35653,MDL-72299 LTI module reflected XSS risk - affecting unauthenticated users only
Minor,"4.0 to 4.0.1, 3.11 to 3.11.7, 3.9 to 3.9.14 and earlier unsupported versions","4.0.2, 3.11.8 and 3.9.15",CVE-2022-35652,MDL-72171 Open redirect risk in mobile auto-login feature
Serious,"4.0 to 4.0.1, 3.11 to 3.11.7, 3.9 to 3.9.14 and earlier unsupported versions","4.0.2, 3.11.8 and 3.9.15",CVE-2022-35651,MDL-71921 Stored XSS and blind SSRF possible via SCORM track details
Serious,"4.0 to 4.0.1, 3.11 to 3.11.7, 3.9 to 3.9.14 and earlier unsupported versions","4.0.2, 3.11.8 and 3.9.15",CVE-2022-35650,MDL-72029 Arbitrary file read when importing lesson questions
Serious,"4.0 to 4.0.1, 3.11 to 3.11.7, 3.9 to 3.9.14 and earlier unsupported versions","4.0.2, 3.11.8 and 3.9.15",CVE-2022-35649,MDL-75044 PostScript Code Injection / Remote code execution risk
Serious,"4.0, 3.11 to 3.11.6, 3.10 to 3.10.10, 3.9 to 3.9.13 and earlier unsupported versions","4.0.1, 3.11.7, 3.10.11 and 3.9.14",CVE-2022-30600,MDL-73736 Failed login attempts counted incorrectly
Serious,"4.0, 3.11 to 3.11.6, 3.10 to 3.10.10, 3.9 to 3.9.13 and earlier unsupported versions","4.0.1, 3.11.7, 3.10.11 and 3.9.14",CVE-2022-30599,MDL-74333 SQL injection risk in badge award criteria
Minor,"4.0, 3.11 to 3.11.6, 3.10 to 3.10.10, 3.9 to 3.9.13 and earlier unsupported versions","4.0.1, 3.11.7, 3.10.11 and 3.9.14",CVE-2022-30598,MDL-71623 Global search results reveal authors of content unexpectedly for some activities
Minor,"4.0, 3.11 to 3.11.6, 3.10 to 3.10.10, 3.9 to 3.9.13 and earlier unsupported versions","4.0.1, 3.11.7, 3.10.11 and 3.9.14",CVE-2022-30597,MDL-74318 Description field hidden by user policies (hiddenuserfields) is still visible
Minor,"4.0, 3.11 to 3.11.6, 3.10 to 3.10.10, 3.9 to 3.9.13 and earlier unsupported versions","4.0.1, 3.11.7, 3.10.11 and 3.9.14",CVE-2022-30596,MDL-74204 Stored XSS in assignment bulk marker allocation form via user ID number
Minor,"3.11 to 3.11.5, 3.10 to 3.10.9, 3.9 to 3.9.12 and earlier unsupported versions","3.11.6, 3.10.10 and 3.9.13",N/A,MDL-71722 Upgrade CKEditor included in h5p-editor-php-library to latest version (upstream)
Minor,"3.11 to 3.11.5, 3.10 to 3.10.9, 3.9 to 3.9.12 and earlier unsupported versions","3.11.6, 3.10.10 and 3.9.13",N/A,MDL-71703 Upgrade PHPMailer to latest version (upstream)
Minor,"3.11 to 3.11.5, 3.10 to 3.10.9, 3.9 to 3.9.12 and earlier unsupported versions","3.11.6, 3.10.10 and 3.9.13",CVE-2022-0984,MDL-74075 Possible to reach the profile field badge criteria on a course page
Minor,"3.11 to 3.11.5, 3.10 to 3.10.9, 3.9 to 3.9.12 and earlier unsupported versions","3.11.6, 3.10.10 and 3.9.13",CVE-2022-0985,MDL-72972 Users with moodle/site:uploadusers but without moodle/user:delete could delete users
Serious,"3.11 to 3.11.5, 3.10 to 3.10.9, 3.9 to 3.9.12 and earlier unsupported versions","3.11.6, 3.10.10 and 3.9.13",CVE-2022-0983,MDL-74074 SQL injection risk in Badges criteria code
Serious,"3.11 to 3.11.4, 3.10 to 3.10.8, 3.9 to 3.9.11 and earlier unsupported versions","3.11.5, 3.10.9 and 3.9.12",CVE-2022-0335,MDL-72367 CSRF risk in badge alignment deletion
Minor,"3.11 to 3.11.4, 3.10 to 3.10.8, 3.9 to 3.9.11 and earlier unsupported versions","3.11.5, 3.10.9 and 3.9.12",CVE-2022-0334,MDL-72772 Capability gradereport/user:view not always respected when navigating to a user's course grade report
Minor,"3.11 to 3.11.4, 3.10 to 3.10.8, 3.9 to 3.9.11 and earlier unsupported versions","3.11.5, 3.10.9 and 3.9.12",CVE-2022-0333,MDL-71239 calendar:manageentries capability allows CRUD access to all calendar events
Serious,3.11 to 3.11.4,3.11.5,CVE-2022-0332,MDL-72573 SQL injection risk in code fetching h5p activity user attempts
Minor,"3.11 to 3.11.3, 3.10 to 3.10.7, 3.9 to 3.9.10 and earlier unsupported versions","3.11.4, 3.10.8 and 3.9.11",CVE-2021-43560,MDL-71918 IDOR in a calendar web service allows fetching of other users' action events
Serious,"3.11 to 3.11.3, 3.10 to 3.10.7, 3.9 to 3.9.10 and earlier unsupported versions","3.11.4, 3.10.8 and 3.9.11",CVE-2021-43559,MDL-72370 CSRF risk on delete related badge feature
Serious,"3.11 to 3.11.3, 3.10 to 3.10.7, 3.9 to 3.9.10 and earlier unsupported versions","3.11.4, 3.10.8 and 3.9.11",CVE-2021-43558,MDL-72571 Reflected XSS in filetype admin tool
Minor,"3.11 to 3.11.3, 3.10 to 3.10.7, 3.9 to 3.9.10 and earlier unsupported versions","3.11.4, 3.10.8 and 3.9.11",N/A,MDL-70887 Upgrade moodle-mlbackend-python and update its reference in /lib/mlbackend/python/classes/processor.php (upstream)
Serious,"3.11 to 3.11.3, 3.10 to 3.10.7, 3.9 to 3.9.10 and earlier unsupported versions","3.11.4, 3.10.8 and 3.9.11",CVE-2021-3943,MDL-70823 Remote code execution risk when restoring malformed backup file
Serious,"3.11 to 3.11.2, 3.10 to 3.10.6, 3.9 to 3.9.9 and earlier unsupported versions","3.11.3, 3.10.7 and 3.9.10",CVE-2021-40695,MDL-71797 Quiz unreleased grade disclosure via web service
Serious,"3.11 to 3.11.2, 3.10 to 3.10.6, 3.9 to 3.9.9 and earlier unsupported versions","3.11.3, 3.10.7 and 3.9.10",CVE-2021-40694,MDL-71240 Arbitrary file read by site administrators via LaTeX preamble
Serious,"3.11 to 3.11.2, 3.10 to 3.10.6, 3.9 to 3.9.9 and earlier unsupported versions","3.11.3, 3.10.7 and 3.9.10",CVE-2021-40693,MDL-71160 Authentication bypass risk when using external database authentication
Minor,"3.11 to 3.11.2, 3.10 to 3.10.6, 3.9 to 3.9.9 and earlier unsupported versions","3.11.3, 3.10.7 and 3.9.10",CVE-2021-40692,MDL-71726 Course participants download did not restrict which users could be exported
Serious,"3.11 to 3.11.2, 3.10 to 3.10.6, 3.9 to 3.9.9 and earlier unsupported versions","3.11.3, 3.10.7 and 3.9.10",CVE-2021-40691,MDL-71976 Session Hijack risk when Shibboleth authentication is enabled
Minor,"3.11, 3.10 to 3.10.4, 3.9 to 3.9.7 and earlier unsupported versions","3.11.1, 3.10.5 and 3.9.8",CVE-2021-36403,MDL-71919 Messaging email notifications containing HTML may hide the final line of the email
Minor,"3.11, 3.10 to 3.10.4, 3.9 to 3.9.7 and earlier unsupported versions","3.11.1, 3.10.5 and 3.9.8",CVE-2021-36402,MDL-58393 Insufficient escaping of users' names in account confirmation email
Minor,"3.11, 3.10 to 3.10.4, 3.9 to 3.9.7 and earlier unsupported versions","3.11.1, 3.10.5 and 3.9.8",CVE-2021-36401,MDL-71981 Stored XSS when exporting to data formats supporting HTML via user ID number
Minor,"3.11, 3.10 to 3.10.4, 3.9 to 3.9.7 and earlier unsupported versions","3.11.1, 3.10.5 and 3.9.8",CVE-2021-36400,MDL-71978 IDOR allows removal of other users' calendar URL subscriptions
Minor,3.11,3.11.1,CVE-2021-36399,MDL-71898 Stored XSS in quiz override screens via user ID number
Minor,3.11,3.11.1,CVE-2021-36398,MDL-71760 Stored XSS in the web service token list via user ID number
Serious,"3.11, 3.10 to 3.10.4, 3.9 to 3.9.7 and earlier unsupported versions","3.11.1, 3.10.5 and 3.9.8",CVE-2021-36397,MDL-71917 Messaging web service allows deletion of other users' messages
Serious,"3.11, 3.10 to 3.10.4, 3.9 to 3.9.7 and earlier unsupported versions","3.11.1, 3.10.5 and 3.9.8",CVE-2021-36396,MDL-71916 Blind SSRF possible against cURL blocked hosts via redirect
Serious,"3.11, 3.10 to 3.10.4, 3.9 to 3.9.7 and earlier unsupported versions","3.11.1, 3.10.5 and 3.9.8",CVE-2021-36395,MDL-71922 Recursion denial of service possible due to recursive cURL in file repository
Serious,"3.11, 3.10 to 3.10.4, 3.9 to 3.9.7 and earlier unsupported versions","3.11.1, 3.10.5 and 3.9.8",CVE-2021-36394,MDL-71957 Remote code execution risk when Shibboleth authentication is enabled
Serious,"3.11, 3.10 to 3.10.4, 3.9 to 3.9.7 and earlier unsupported versions","3.11.1, 3.10.5 and 3.9.8",CVE-2021-36393,MDL-71242 SQL injection risk in code fetching recent courses
Serious,"3.11, 3.10 to 3.10.4, 3.9 to 3.9.7 and earlier unsupported versions","3.11.1, 3.10.5 and 3.9.8",CVE-2021-36392,MDL-71241 SQL injection risk in code fetching enrolled courses
Serious,"3.10 to 3.10.3, 3.9 to 3.9.6 and 3.8 to 3.8.8","3.11, 3.10.4, 3.9.7 and 3.8.9",N/A,MDL-71408 Upgrade H5P PHP library to latest minor version (upstream)
Minor,"3.10 to 3.10.3, 3.9 to 3.9.6, 3.8 to 3.8.8 and earlier unsupported versions","3.11, 3.10.4, 3.9.7 and 3.8.9",CVE-2021-32478,MDL-70622 Reflected XSS and open redirect in LTI authorization endpoint
Minor,3.10 to 3.10.3,3.11 and 3.10.4,CVE-2021-32477,MDL-71513 Last app access time is visible to non-site-admins on user profile page
Serious,"3.10 to 3.10.3, 3.9 to 3.9.6, 3.8 to 3.8.8, 3.5 to 3.5.17 and earlier unsupported versions","3.11, 3.10.4, 3.9.7, 3.8.9 and 3.5.18",CVE-2021-32476,MDL-69028 Files API should mitigate denial-of-service risk when adding to the draft file area
Minor,"3.10 to 3.10.3, 3.9 to 3.9.6, 3.8 to 3.8.8, 3.5 to 3.5.17 and earlier unsupported versions","3.11, 3.10.4, 3.9.7, 3.8.9 and 3.5.18",CVE-2021-32475,MDL-71130 Stored XSS in quiz grading report via user ID number
Serious,"3.10 to 3.10.3, 3.9 to 3.9.6, 3.8 to 3.8.8, 3.5 to 3.5.17 and earlier unsupported versions","3.11, 3.10.4, 3.9.7, 3.8.9 and 3.5.18",CVE-2021-32474,MDL-70804 Blind SQL injection possible via MNet authentication
Serious,"3.10 to 3.10.3, 3.9 to 3.9.6, 3.8 to 3.8.8, 3.5 to 3.5.17 and earlier unsupported versions","3.11, 3.10.4, 3.9.7, 3.8.9 and 3.5.18",CVE-2021-32473,MDL-70720 Quiz unreleased grade disclosure via web service
Serious,"3.10 to 3.10.3, 3.9 to 3.9.6 and 3.8 to 3.8.8","3.11, 3.10.4, 3.9.7 and 3.8.9",CVE-2021-32472,MDL-71359 Forum CSV export could result in posts from all courses being exported
Minor,"3.10 to 3.10.1, 3.9 to 3.9.4, 3.8 to 3.8.7, 3.5 to 3.5.16 and earlier unsupported versions","3.10.2, 3.9.5, 3.8.8 and 3.5.17",CVE-2020-11022 and CVE-2020-11023,MDL-69680 JQuery versions below 3.5.0 contains some potential vulnerabilities
Minor,"3.10 to 3.10.1, 3.9 to 3.9.4, 3.8 to 3.8.7, 3.5 to 3.5.16 and earlier unsupported versions","3.10.2, 3.9.5, 3.8.8 and 3.5.17",CVE-2021-20283,MDL-70822 Fetching a user's enrolled courses via web services did not check profile access in each course
Minor,"3.10 to 3.10.1, 3.9 to 3.9.4, 3.8 to 3.8.7, 3.5 to 3.5.16 and earlier unsupported versions","3.10.2, 3.9.5, 3.8.8 and 3.5.17",CVE-2021-20282,MDL-70668 Bypass email verification secret when confirming account registration
Minor,"3.10 to 3.10.1, 3.9 to 3.9.4, 3.8 to 3.8.7, 3.5 to 3.5.16 and earlier unsupported versions","3.10.2, 3.9.5, 3.8.8 and 3.5.17",CVE-2021-20281,MDL-59293 User full name disclosure within online users block
Serious,"3.10 to 3.10.1, 3.9 to 3.9.4, 3.8 to 3.8.7, 3.5 to 3.5.16 and earlier unsupported versions","3.10.2, 3.9.5, 3.8.8 and 3.5.17",CVE-2021-20280,MDL-70767 Stored XSS and blind SSRF possible via feedback answer text
Serious,"3.10 to 3.10.1, 3.9 to 3.9.4, 3.8 to 3.8.7, 3.5 to 3.5.16 and earlier unsupported versions","3.10.2, 3.9.5, 3.8.8 and 3.5.17",CVE-2021-20279,MDL-65552 Stored XSS via ID number user profile field
Serious,"3.10, 3.9 to 3.9.3, 3.8 to 3.8.6, 3.5 to 3.5.15 and earlier unsupported versions","3.10.1, 3.9.4, 3.8.7 and 3.5.16",CVE-2021-20187,MDL-68486 Arbitrary PHP code execution by site admins via Shibboleth configuration
Serious,"3.10, 3.9 to 3.9.3, 3.8 to 3.8.6, 3.5 to 3.5.15 and earlier unsupported versions","3.10.1, 3.9.4, 3.8.7 and 3.5.16",CVE-2021-20186,MDL-69911 Stored XSS possible via TeX notation filter
Minor,"3.10, 3.9 to 3.9.3, 3.8 to 3.8.6, 3.5 to 3.5.15 and earlier unsupported versions","3.10.1, 3.9.4, 3.8.7 and 3.5.16",CVE-2021-20185,MDL-67782 Client side denial of service via personal message
Minor,"3.10, 3.9 to 3.9.3, 3.8 to 3.8.6","3.10.1, 3.9.4 and 3.8.7",CVE-2021-20184,MDL-69797 Grade information disclosure in grade's external fetch functions
Serious,3.10,3.10.1,CVE-2021-20183,MDL-70571 Search input template insufficiently escaped search queries
Minor,"3.9 to 3.9.2, 3.8 to 3.8.5 and 3.7 to 3.7.8","3.10, 3.9.3, 3.8.6 and 3.7.9",CVE-2020-25703,"MDL-69844 The participants table download feature did not respect the site's ""show user identity"" configuration"
Minor,3.9 to 3.9.2,"3.10, 3.9.3",CVE-2020-25702,MDL-69046 Stored XSS possible when renaming content bank items
Minor,"3.9 to 3.9.2, 3.8 to 3.8.5, 3.7 to 3.7.8 and 3.5 to 3.5.14 and earlier unsupported versions","3.10, 3.9.3, 3.8.6, 3.7.9 and 3.5.15",CVE-2020-25701,MDL-69378 tool_uploadcourse creates new enrol instances unexpectedly in some circumstances
Minor,"3.9 to 3.9.2, 3.8 to 3.8.5, 3.7 to 3.7.8, 3.5 to 3.5.14 and earlier unsupported versions","3.10, 3.9.3, 3.8.6, 3.7.9 and 3.5.15",CVE-2020-25700,MDL-67015 Some database module web services did not respect group settings
Minor,"3.9 to 3.9.2, 3.8 to 3.8.5, 3.7 to 3.7.8, 3.5 to 3.5.14 and earlier unsupported versions","3.10, 3.9.3, 3.8.6, 3.7.9 and 3.5.15",CVE-2020-25699,MDL-56310 Privilege escalation within a course when restoring role overrides
Minor,"3.9 to 3.9.2, 3.8 to 3.8.5, 3.7 to 3.7.8, 3.5 to 3.5.14 and earlier unsupported versions","3.10, 3.9.3, 3.8.6, 3.7.9 and 3.5.15",CVE-2020-25698,MDL-67837 Teacher is able to unenrol users without permission using course restore
Minor,"3.9 to 3.9.1, 3.8 to 3.8.4 and 3.7 to 3.7.7","3.9.2, 3.8.5 and 3.7.8",CVE-2020-25631,MDL-69048 Chapter name in book not always escaped with forceclean enabled
Serious,"3.9 to 3.9.1, 3.8 to 3.8.4, 3.7 to 3.7.7, 3.5 to 3.5.13 and earlier unsupported versions","3.9.2, 3.8.5, 3.7.8 and 3.5.14",CVE-2020-25630,MDL-65115 Denial of service risk in file picker unzip functionality
Minor,"3.9 to 3.9.1, 3.8 to 3.8.4, 3.7 to 3.7.7, 3.5 to 3.5.13 and earlier unsupported versions","3.9.2, 3.8.5, 3.7.8 and 3.5.14",CVE-2020-25629,"MDL-68974 ""Log in as"" capability in a course context may lead to some privilege escalation"
Serious,"3.9 to 3.9.1, 3.8 to 3.8.4, 3.7 to 3.7.7, 3.5 to 3.5.13 and earlier unsupported versions","3.9.2, 3.8.5, 3.7.8 and 3.5.14",CVE-2020-25628,MDL-69340 Reflected XSS in tag manager
Serious,3.9 to 3.9.1,3.9.2,CVE-2020-25627,MDL-69240 Stored XSS via moodlenetprofile parameter in user profile
Serious,"3.9, 3.8 to 3.8.3, 3.7 to 3.7.6, 3.5 to 3.5.12 and earlier unsupported versions","3.9.1, 3.8.4, 3.7.7 and 3.5.13",CVE-2020-14322,MDL-68426 yui_combo should mitigate denial of service risk
Serious,"3.9, 3.8 to 3.8.3, 3.7 to 3.7.6, 3.5 to 3.5.12 and earlier unsupported versions","3.9.1, 3.8.4, 3.7.7 and 3.5.13",CVE-2020-14321,MDL-69093 Course enrolments allowed privilege escalation from teacher role into manager role
Serious,"3.9, 3.8 to 3.8.3 and 3.7 to 3.7.6","3.9.1, 3.8.4 and 3.7.7",CVE-2020-14320,MDL-69128 Reflected XSS in admin task logs filter
Minor,3.8 to 3.8.3,3.8.4 and 3.9,CVE-2019-11358,MDL-68704 Vulnerable JavaScript libraries: jQuery 1.9.1 (upstream)
Serious,"3.8 to 3.8.2, 3.7 to 3.7.5, 3.6 to 3.6.9, 3.5 to 3.5.11 and earlier unsupported versions","3.8.3, 3.7.6, 3.6.10 and 3.5.12",CVE-2020-10738,MDL-68410 Remote code execution possible via SCORM packages
Serious,"3.8 to 3.8.2, 3.7 to 3.7.5, 3.6 to 3.6.9, 3.5 to 3.5.11 and earlier unsupported versions","3.8.3, 3.7.6, 3.6.10 and 3.5.12",CVE-2018-1999024,MDL-68430 MathJax URL upgraded to later version to remove XSS risk (upstream)
Minor,"3.8 to 3.8.1, 3.7 to 3.7.4, 3.6 to 3.6.8, 3.5 to 3.5.10 and earlier unsupported versions","3.8.2, 3.7.5, 3.6.9 and 3.5.11",CVE-2020-1756,MDL-67726 Admin PHP unit webrunner tool requires additional input escaping
Serious,"3.8 to 3.8.1, 3.7 to 3.7.4, 3.6 to 3.6.8, 3.5 to 3.5.10 and earlier unsupported versions","3.8.2, 3.7.5, 3.6.9 and 3.5.11",CVE-2020-1755,MDL-67861 IP addresses can be spoofed using X-Forwarded-For
Minor,"3.8 to 3.8.1, 3.7 to 3.7.4, 3.6 to 3.6.8, 3.5 to 3.5.10 and earlier unsupported versions","3.8.2, 3.7.5, 3.6.9 and 3.5.11",CVE-2020-1754,MDL-56287 Grade history report does not respect Separate groups mode in the course settings
Serious,3.8,3.8.1,CVE-2020-1691,MDL-67637 Stored XSS in message conversation overview
Serious,"3.7 to 3.7.2, 3.6 to 3.6.6, 3.5 to 3.5.8 and earlier unsupported versions","3.7.3, 3.6.7 and 3.5.9",CVE-2019-14884,MDL-66161 Reflected XSS possible from some fatal error messages
Minor,3.7 to 3.7.2 and 3.6 to 3.6.6,3.7.3 and 3.6.7,CVE-2019-14883,MDL-66377 Email media URL tokens were not checking for user status
Minor,"3.7 to 3.7.2, 3.6 to 3.6.6, 3.5 to 3.5.8 and earlier unsupported versions","3.7.3, 3.6.7 and 3.5.9",CVE-2019-14882,MDL-66228 Open redirect in Lesson edit page
Minor,3.7 to 3.7.2,3.7.3,CVE-2019-14881,MDL-66762 Blind XSS reflected in some locations where user email is displayed
Serious,"3.7 to 3.7.2, 3.6 to 3.6.6, 3.5 to 3.5.8 and earlier unsupported versions","3.7.3, 3.6.7 and 3.5.9",CVE-2019-14880,MDL-66598 Add additional verification for some OAuth 2 logins to prevent account compromise
Minor,"3.7 to 3.7.2, 3.6 to 3.6.6, 3.5 to 3.5.8 and earlier unsupported versions","3.7.3, 3.6.7 and 3.5.9",CVE-2019-14879,MDL-66257 Assigned Role in Cohort did not un-assign on removal
Minor,"3.7 to 3.7.1, 3.6 to 3.6.5, 3.5 to 3.5.7 and earlier unsupported versions","3.7.2, 3.6.6 and 3.5.8",CVE-2019-14831,MDL-55451 Forum subscribe link contained an open redirect if forced subscription mode was enabled
Serious,"3.7 to 3.7.1, 3.6 to 3.6.5, 3.5 to 3.5.7 and earlier unsupported versions","3.7.2, 3.6.6 and 3.5.8",CVE-2019-14830,MDL-66501 Open redirect in the mobile launch endpoint could be used to expose mobile access tokens
Minor,"3.7 to 3.7.1, 3.6 to 3.6.5, 3.5 to 3.5.7 and earlier unsupported versions","3.7.2, 3.6.6 and 3.5.8",CVE-2019-14829,MDL-66187 Activity :addinstance capabilities were not respected when creating a course in single activity format
Minor,"3.7 to 3.7.1, 3.6 to 3.6.5 and 3.5 to 3.5.7 and earlier unsupported versions","3.7.2, 3.6.6 and 3.5.8",N/A,MDL-66069 Python Machine Learning dependency versions bumped
Minor,"3.7 to 3.7.1, 3.6 to 3.6.5, 3.5 to 3.5.7 and earlier unsupported versions","3.7.2, 3.6.6 and 3.5.8",CVE-2019-14828,MDL-66181 Course creation did not check the creator's role assignment capability before automatically assigning them as a teacher in the course
Serious,"3.7 to 3.7.1, 3.6 to 3.6.5, 3.5 to 3.5.7 and earlier unsupported versions","3.7.2, 3.6.6 and 3.5.8",CVE-2019-14827,MDL-62284 JavaScript injection possible in some Mustache templates via recursive rendering from contexts
Minor,"3.7, 3.6 to 3.6.4, 3.5 to 3.5.6 and earlier unsupported versions","3.7.1, 3.6.5 and 3.5.7",CVE-2018-17057,MDL-64794Upgrade TCPDF library for PHP 7.3 and bug fixes (upstream)
Minor,"3.7, 3.6 to 3.6.4, 3.5 to 3.5.6 and earlier unsupported versions","3.7.1, 3.6.5 and 3.5.7",CVE-2019-10189,MDL-61114Assignment group overrides did not observe separate groups mode
Minor,"3.7, 3.6 to 3.6.4, 3.5 to 3.5.6 and earlier unsupported versions","3.7.1, 3.6.5 and 3.5.7",CVE-2019-10188,MDL-34411Quiz group overrides did not observe groups membership or accessallgroups
Minor,"3.7, 3.6 to 3.6.4, 3.5 to 3.5.6 and earlier unsupported versions","3.7.1, 3.6.5 and 3.5.7",CVE-2019-10187,MDL-64623Ability to delete glossary entries that belong to another glossary
Minor,"3.7, 3.6 to 3.6.4, 3.5 to 3.5.6 and earlier unsupported versions","3.7.1, 3.6.5 and 3.5.7",CVE-2019-10186,MDL-53689Missing sesskey (CSRF) token in loading/unloading xml files
Minor,"3.6 to 3.6.3, 3.5 to 3.5.5, 3.4 to 3.4.8, 3.1 to 3.1.17 and earlier unsupported versions","3.7, 3.6.4, 3.5.6, 3.4.9 and 3.1.18",CVE-2019-10134,MDL-61738Private files uploaded via incoming mail processing could bypass quota restrictions
Minor,"3.6 to 3.6.3, 3.5 to 3.5.5, 3.4 to 3.4.8, 3.1 to 3.1.17 and earlier unsupported versions","3.7, 3.6.4, 3.5.6, 3.4.9 and 3.1.18",CVE-2019-10133,MDL-64708Open redirect in upload cohorts page
Serious,3.6 to 3.6.3,"3.7, 3.6.4",CVE-2019-10154,MDL-65365All messaging conversations could be viewed
Minor,3.6 to 3.6.2,3.6.3,CVE-2019-3852,MDL-64410 get_with_capability_join/get_users_by_capability not aware of context freezing
Minor,3.6 to 3.6.2 and 3.5 to 3.5.4,3.6.3 and 3.5.5,CVE-2019-3851,MDL-64706 Secure layout contained an insecure link in Boost theme
Minor,"3.6 to 3.6.2, 3.5 to 3.5.4, 3.4 to 3.4.7, 3.1 to 3.1.16 and earlier unsupported versions","3.6.3, 3.5.5, 3.4.8 and 3.1.17",CVE-2019-3850,MDL-64651 Stored HTML in assignment submission comments allowed links to be opened directly
Serious,"3.6 to 3.6.2, 3.5 to 3.5.4, 3.4 to 3.4.7 and earlier unsupported versions","3.6.3, 3.5.5 and 3.4.8",CVE-2019-3849,MDL-62702 Users could elevate their role when accessing the LTI tool on a provider site
Serious,"3.6 to 3.6.2, 3.5 to 3.5.4 and 3.4 to 3.4.7","3.6.3, 3.5.5 and 3.4.8",CVE-2019-3848,MDL-64830 Logged in users could view all calendar events
Serious,"3.6 to 3.6.2, 3.5 to 3.5.4, 3.4 to 3.4.7, 3.1 to 3.1.16 and earlier unsupported versions","3.6.3, 3.5.5, 3.4.8 and 3.1.17",CVE-2019-3847,"MDL-63786 ""Log in as"" functionality exposed to JavaScript risk on other users' Dashboards"
Minor,"3.6 to 3.6.1, 3.5 to 3.5.3, 3.4 to 3.4.6, 3.1 to 3.1.15 and earlier unsupported versions","3.6.2, 3.5.4, 3.4.7 and 3.1.16",CVE-2019-3810,MDL-64372User full name is not escaped in the un-linked userpix page
Minor,3.1 to 3.1.15 and earlier unsupported versions,3.1.16,CVE-2019-3809,MDL-64222Blind SSRF risk in /badges/mybackpack.php
Minor,"3.6 to 3.6.1, 3.5 to 3.5.3, 3.4 to 3.4.6, 3.1 to 3.1.15 and earlier unsupported versions","3.6.2, 3.5.4, 3.4.7 and 3.1.16",CVE-2019-3808,MDL-64395Manage groups capability is missing XSS risk flag
Serious,"3.5 to 3.5.2, 3.4 to 3.4.5, 3.3 to 3.3.8, 3.1 to 3.1.14 and earlier unsupported versions","3.6, 3.5.3, 3.4.6, 3.3.9 and 3.1.15",CVE-2018-16854,MDL-63183 Login CSRF vulnerability in login form
Minor,"3.5 to 3.5.1, 3.4 to 3.4.4, 3.3 to 3.3.7 and earlier unsupported versions","3.5.2, 3.4.5 and 3.3.8",CVE-2018-14631,MDL-62857Boost theme - blog search GET parameter insufficiently filtered
Minor,"3.5 to 3.5.1, 3.4 to 3.4.4, 3.3 to 3.3.7, 3.1 to 3.1.13 and earlier unsupported versions","3.5.2, 3.4.5, 3.3.8 and 3.1.14",CVE-2018-1999022 (PEAR HTML_QuickForm),MDL-62947QuickForm library remote code vulnerability (upstream)
Serious,"3.5 to 3.5.1, 3.4 to 3.4.4, 3.1 to 3.1.13 and earlier unsupported versions","3.5.2, 3.4.5, 3.3.8 and 3.1.14",CVE-2018-14630,MDL-62880Moodle XML import of ddwtos could lead to intentional remote code execution
Minor,"3.5, 3.4 to 3.4.3, 3.3 to 3.3.6, 3.2 to 3.2.9, 3.1 to 3.1.12 and earlier unsupported versions","3.5.1, 3.4.4, 3.3.7, 3.1.13",CVE-2018-10891,MDL-62820Quiz question bank import preview could execute JavaScript
Minor,"3.5, 3.4 to 3.4.3, 3.3 to 3.3.6, 3.2 to 3.2.9, 3.1 to 3.1.12 and earlier unsupported versions","3.5.1, 3.4.4, 3.3.7, 3.1.13",CVE-2018-10890,MDL-62790core_course_get_categories may return invisible categories
Minor,"3.5, 3.4.3, 3.3 to 3.3.6","3.5.1, 3.4.4, 3.3.7",CVE-2018-10889,MDL-62616Privacy data exports include log data
Serious,"3.4 to 3.4.2, 3.3 to 3.3.5, 3.2 to 3.2.8, 3.1 to 3.1.11 and earlier unsupported versions","3.5, 3.4.3, 3.3.6, 3.2.9 and 3.1.12",CVE-2018-1137,MDL-62233 Portfolio script allows instantiation of class chosen by user
Minor,"3.4 to 3.4.2, 3.3 to 3.3.5, 3.2 to 3.2.8, 3.1 to 3.1.11 and earlier unsupported versions","3.5, 3.4.3, 3.3.6, 3.2.9 and 3.1.12",,MDL-61996 User who did not agree to the site policies can see the site homepage as if they had full site access
Serious,"3.4 to 3.4.2, 3.3 to 3.3.5, 3.2 to 3.2.8, 3.1 to 3.1.11 and earlier unsupported versions","3.5, 3.4.3, 3.3.6, 3.2.9 and 3.1.12",CVE-2018-1136,MDL-62206 User can shift a block from Dashboard to any page
Minor,"3.4 to 3.4.2, 3.3 to 3.3.5, 3.2 to 3.2.8, 3.1 to 3.1.11 and earlier unsupported versions","3.5, 3.4.3, 3.3.6, 3.2.9 and 3.1.12",CVE-2018-1135,MDL-62232 Portfolio forum caller class allows a user to download any file
Minor,"3.4 to 3.4.2, 3.3 to 3.3.5, 3.2 to 3.2.8, 3.1 to 3.1.11 and earlier unsupported versions","3.5, 3.4.3, 3.3.6, 3.2.9 and 3.1.12",CVE-2018-1134,MDL-62210 Users can download any file via portfolio assignment caller class
Serious,"3.4 to 3.4.2, 3.3 to 3.3.5, 3.2 to 3.2.8, 3.1 to 3.1.11 and earlier unsupported versions","3.5, 3.4.3, 3.3.6, 3.2.9 and 3.1.12",CVE-2018-1133,"MDL-62275, MDL-62469 Calculated question type allows remote code execution by Question authors"
Minor,"3.4 to 3.4.1, 3.3 to 3.3.4",3.4.2 and 3.3.5,CVE-2018-1082,MDL-60101 Suspended users with OAuth 2 authentication method can still log in to the site
Serious,"3.4 to 3.4.1, 3.3 to 3.3.4, 3.2 to 3.2.7, 3.1 to 3.1.10 and earlier unsupported versions","3.4.2, 3.3.5, 3.2.8 and 3.1.11",CVE-2018-1081,MDL-61392 Unauthenticated users can trigger custom messages to admin via paypal enrol script
Minor,"3.3 to 3.3.3, 3.2 to 3.2.6, 3.1 to 3.1.9 and earlier unsupported versions","3.3.4, 3.2.7 and 3.1.10",CVE-2018-1045,MDL-60235 XSS in event name in block_calendar
Minor,"3.4, 3.3 to 3.3.3, 3.2 to 3.2.6 and 3.1 to 3.1.9","3.4.1, 3.3.4, 3.2.7 and 3.1.10",CVE-2018-1044,MDL-60908 Students are able to see quiz results in Mobile app although it is prohibited in the settings
Minor,"3.4, 3.3 to 3.3.3 and 3.2 to 3.2.6","3.4.1, 3.3.4 and 3.2.7",CVE-2018-1043,MDL-61143 curlsecurityblockedhosts can be bypassed with multiple A record hostnames
Serious,"3.4, 3.3 to 3.3.3, 3.2 to 3.2.6, 3.1 to 3.1.9 and earlier unsupported versions","3.4.1, 3.3.4, 3.2.7 and 3.1.10",CVE-2018-1042,MDL-61131 Server Side Request Forgery in /repository/repository_ajax.php (Critical for Cloud Hosted Moodle Instances)
Minor,"3.3 to 3.3.2, 3.2 to 3.2.5, 3.1 to 3.1.8 and earlier unsupported versions","3.4, 3.3.3, 3.2.6 and 3.1.9",CVE-2017-15110,"MDL-60550 Students can find out email addresses of other students who set theirs to ""hidden"""
Serious,"3.3 to 3.3.1, 3.2 to 3.2.4, 3.1 to 3.1.7 and earlier unsupported versions","3.3.2, 3.2.5 and 3.1.8","CVE-2017-9841 reported against PHPUnit project, it is relevant to the version used in Moodle development",MDL-59969 Admins may not know that exposing vendor directory is a security risk
Minor,"3.3 to 3.3.1, 3.2 to 3.2.4, 3.1 to 3.1.7 and earlier unsupported versions","3.3.2, 3.2.5 and 3.1.8",,MDL-58953 user_can_view_profile() incorrectly assumes $course as $sharedcourse
Minor,"3.3 to 3.3.1, 3.2 to 3.2.4, 3.1 to 3.1.7 and earlier unsupported versions","3.3.2, 3.2.5 and 3.1.8",CVE-2017-12157,MDL-58762 Course reports are not respecting group settings in courses
Minor,"3.3 to 3.3.1, 3.2 to 3.2.4, 3.1 to 3.1.7 and earlier unsupported versions","3.3.2, 3.2.5 and 3.1.8",CVE-2017-12156,"MDL-59972 XSS in contact form on ""non-respondents"" page (mod_feedback)"
Minor,"3.3, 3.2 to 3.2.3, 3.1 to 3.1.6 and earlier unsupported versions","3.3.1, 3.2.4 and 3.1.7",CVE-2017-1000071 (requested by phpCAS),MDL-59456 Authentication bypass vulnerability on phpCAS library
Minor,"3.3, 3.2 to 3.2.3, 3.1 to 3.1.6 and earlier unsupported versions","3.3.1, 3.2.4 and 3.1.7",CVE-2017-7532,MDL-59409 Course creators are able to change system default settings for courses
Minor,3.3,3.3.1,CVE-2017-7531,MDL-59304 Course overview block reveals activities in hidden courses
Minor,"3.3, 3.2 to 3.2.3, 3.1 to 3.1.6 and earlier unsupported versions","3.3.1, 3.2.4 and 3.1.7",CVE-2017-2642,MDL-56565 User fullname disclosure on user preferences page
Minor,3.2 to 3.2.2 and 3.1 to 3.1.5,3.2.3 and 3.1.6,,MDL-58259 Forum post Web Services should check if the user has permissions to add attachments
Minor,"3.2 to 3.2.2, 3.1 to 3.1.5, 3.0 to 3.0.9, 2.7 to 2.7.19 and other unsupported versions","3.2.3, 3.1.6, 3.0.10 and 2.7.20",CVE-2017-7491,MDL-58740 CSRF on my/index.php
Minor,"3.2 to 3.2.2, 3.1 to 3.1.5, 3.0 to 3.0.9, 2.7 to 2.7.19 and other unsupported versions","3.2.3, 3.1.6, 3.0.10 and 2.7.20",CVE-2017-7490,MDL-58670 Users can search blogs by typing full url in address bar even with capability moodle/blog:search removed from their role
Minor,"3.2 to 3.2.2, 3.1 to 3.1.5, 3.0 to 3.0.9, 2.7 to 2.7.19 and other unsupported versions","3.2.3, 3.1.6, 3.0.10 and 2.7.20",CVE-2017-7489,MDL-58635 External blog editing takeover
Serious,3.2 to 3.2.1 and 3.1 to 3.1.4,3.2.2 and 3.1.5,CVE-2017-2645,
Minor,3.2 to 3.2.1 and 3.1 to 3.1.4,3.2.2 and 3.1.5,CVE-2017-2644,
Minor,3.2 to 3.2.1,3.2.2,CVE-2017-2643,
Serious,"3.2 to 3.2.1, 3.1 to 3.1.4, 3.0 to 3.0.8, 2.7.0 to 2.7.18 and other unsupported versions","3.2.2, 3.1.5, 3.0.9 and 2.7.19",CVE-2017-2641,
Minor,3.2 and 3.1 to 3.1.3,3.2.1 and 3.1.4 (also backported to 2.7.18 and 3.0.8 as a precaution),CVE-2017-2578,
Serious,"3.2, 3.1 to 3.1.3, 3.0 to 3.0.7, 2.9 to 2.9.9, 2.8 to 2.8.12, 2.7 to 2.7.17 and earlier unsupported versions","3.2.1, 3.1.4, 3.0.8 and 2.7.18",CVE-2016-10045 (PHPMailer),
Minor,"3.2, 3.1 to 3.1.3, 3.0 to 3.0.7, 2.9 to 2.9.9, 2.8 to 2.8.12, 2.7 to 2.7.17 and earlier unsupported versions","3.2.1, 3.1.4, 3.0.8 and 2.7.18",CVE-2017-2576,
Minor,3.2,3.2.1,-,
Serious,"3.1 to 3.1.2, 3.0 to 3.0.6 and 2.9 to 2.9.8","3.1.3, 3.0.7 and 2.9.9",none (this issue does not qualify for CVE),
Minor,"3.1 to 3.1.2, 3.0 to 3.0.6, 2.9 to 2.9.8, 2.8 to 2.8.12, 2.7 to 2.7.16 and earlier unsupported versions","3.1.3, 3.0.7, 2.9.9 and 2.7.17",CVE-2016-8644,
Minor,"3.1 to 3.1.2, 3.0 to 3.0.6, 2.9 to 2.9.8, 2.8 to 2.8.12, 2.7 to 2.7.16 and earlier unsupported versions","3.1.3, 3.0.7, 2.9.9 and 2.7.17",CVE-2016-8643,
Minor,"3.1 to 3.1.2, 3.0 to 3.0.6, 2.9 to 2.9.8, 2.8 to 2.8.12, 2.7 to 2.7.16 and earlier unsupported versions","3.1.3, 3.0.7, 2.9.9 and 2.7.17",CVE-2016-8642,
Minor,"3.1 to 3.1.1, 3.0 to 3.0.5, 2.9 to 2.9.7, 2.8 to 2.8.12, 2.7 to 2.7.15 and earlier unsupported versions","3.1.2, 3.0.6, 2.9.8 and 2.7.16",CVE-2016-7038,
Minor,"3.1, 3.0 to 3.0.4, 2.9 to 2.9.6, 2.8 to 2.8.12","3.1.1, 3.0.5 and 2.9.7",CVE-2016-5014,
Minor,"3.1, 3.0 to 3.0.4, 2.9 to 2.9.6, 2.8 to 2.8.12, 2.7 to 2.7.14 and earlier unsupported versions","3.1.1, 3.0.5, 2.9.7 and 2.7.15",CVE-2016-5013,
Minor,3.1,3.1.1,CVE-2016-5012,
Minor,"3.0 to 3.0.3, 2.9 to 2.9.5, 2.8 to 2.8.11, 2.7 to 2.7.13 and earlier unsupported versions","3.0.4, 2.9.6, 2.8.12 and 2.7.14",CVE-2016-3734,
Minor,"3.0 to 3.0.3, 2.9 to 2.9.5, 2.8 to 2.8.11, 2.7 to 2.7.13 and earlier unsupported versions","3.0.4, 2.9.6, 2.8.12 and 2.7.14",CVE-2016-3733,
Minor,"3.0 to 3.0.3, 2.9 to 2.9.5, 2.8 to 2.8.11, 2.7 to 2.7.13 and earlier unsupported versions","3.0.4, 2.9.6 and 2.8.12",CVE-2016-3732,
Minor,"3.0 to 3.0.3, 2.9 to 2.9.5 and 2.8 to 2.8.11","3.0.4, 2.9.6 and 2.8.12",CVE-2016-3731,
Minor,"3.0 to 3.0.3, 2.9 to 2.9.5, 2.8 to 2.8.11, 2.7 to 2.7.13 and earlier unsupported versions","3.0.4, 2.9.6, 2.8.12 and 2.7.14",CVE-2016-3729,
Minor,"3.0 to 3.0.2, 2.9 to 2.9.4, 2.8 to 2.8.10, 2.7 to 2.7.12 and earlier unsupported versions","3.0.3, 2.9.5, 2.8.11 and 2.7.13",CVE-2016-2159,
Minor,"3.0 to 3.0.2, 2.9 to 2.9.4, 2.8 to 2.8.10, 2.7 to 2.7.12 and earlier unsupported versions","3.0.3, 2.9.5, 2.8.11 and 2.7.13",CVE-2016-2190,
Minor,"3.0 to 3.0.2, 2.9 to 2.9.4, 2.8 to 2.8.10, 2.7 to 2.7.12 and earlier unsupported versions","3.0.3, 2.9.5, 2.8.11 and 2.7.13",CVE-2016-2158,
Minor,"3.0 to 3.0.2, 2.9 to 2.9.4, 2.8 to 2.8.10, 2.7 to 2.7.12 and earlier unsupported versions","3.0.3, 2.9.5, 2.8.11 and 2.7.13",CVE-2016-2157,
Minor,"3.0 to 3.0.2, 2.9 to 2.9.4, 2.8 to 2.8.10, 2.7 to 2.7.12 and earlier unsupported versions","3.0.3, 2.9.5, 2.8.11 and 2.7.13",CVE-2016-2156,
Minor,"3.0 to 3.0.2, 2.9 to 2.9.4, 2.8 to 2.8.10","3.0.3, 2.9.5 and 2.8.11",CVE-2016-2155,
Minor,"3.0 to 3.0.2, 2.9 to 2.9.4, 2.8 to 2.8.10","3.0.3, 2.9.5 and 2.8.11",CVE-2016-2154,
Minor,"3.0 to 3.0.2, 2.9 to 2.9.4, 2.8 to 2.8.10, 2.7 to 2.7.12 and earlier unsupported versions","3.0.3, 2.9.5, 2.8.11 and 2.7.13",CVE-2016-2153,
Minor,"3.0 to 3.0.2, 2.9 to 2.9.4, 2.8 to 2.8.10, 2.7 to 2.7.12 and earlier unsupported versions","3.0.3, 2.9.5, 2.8.11 and 2.7.13",CVE-2016-2152,
Minor,"3.0 to 3.0.2, 2.9 to 2.9.4, 2.8 to 2.8.10, 2.7 to 2.7.12 and earlier unsupported versions","3.0.3, 2.9.5, 2.8.11 and 2.7.13",CVE-2016-2151,
Serious,"3.0 to 3.0.1, 2.9 to 2.9.3 and 2.8 to 2.8.9","3.0.2, 2.9.4 and 2.8.10",CVE-2016-0725,
Minor,"3.0 to 3.0.1, 2.9 to 2.9.3, 2.8 to 2.8.9, 2.7 to 2.7.11 and earlier unsupported versions","3.0.2, 2.9.4, 2.8.10 and 2.7.12",CVE-2016-0724,
Minor,"2.9 to 2.9.2, 2.8 to 2.8.8, 2.7 to 2.7.10 and earlier unsupported versions","2.9.3, 2.8.9 and 2.7.11",CVE-2015-5342,
Minor,"2.9 to 2.9.2, 2.8 to 2.8.8, 2.7 to 2.7.10 and earlier unsupported versions","2.9.3, 2.8.9 and 2.7.11",CVE-2015-5341,
Minor,"2.9 to 2.9.2, 2.8 to 2.8.8, 2.7 to 2.7.10 and earlier unsupported versions","2.9.3, 2.8.9 and 2.7.11",CVE-2015-5340,
Minor,"2.9 to 2.9.2, 2.8 to 2.8.8, 2.7 to 2.7.10 and earlier unsupported versions","2.9.3, 2.8.9 and 2.7.11",CVE-2015-5339,
Minor,"2.9 to 2.9.2, 2.8 to 2.8.8, 2.7 to 2.7.10 and earlier unsupported versions","2.9.3, 2.8.9 and 2.7.11",CVE-2015-5338,
Serious,"2.9 to 2.9.2, 2.8 to 2.8.8, 2.7 to 2.7.10 and earlier unsupported versions","2.9.3, 2.8.9 and 2.7.11",CVE-2015-5337,
Minor,"2.9 to 2.9.2, 2.8 to 2.8.8, 2.7 to 2.7.10 and earlier unsupported versions","2.9.3, 2.8.9 and 2.7.11",CVE-2015-5336,
Minor,"2.9 to 2.9.2, 2.8 to 2.8.8, 2.7 to 2.7.10 and earlier unsupported versions","2.9.3, 2.8.9 and 2.7.11",CVE-2015-5335,
Serious,2.9 to 2.9.2 and 2.8 to 2.8.8,2.9.3 and 2.8.9,CVE-2015-5332,
Minor,2.9 to 2.9.2,2.9.3,CVE-2015-5331,
Minor,"2.9 to 2.9.1, 2.8 to 2.8.7, 2.7 to 2.7.9 and earlier unsupported versions","2.9.2, 2.8.8 and 2.7.10",CVE-2015-5269,
Minor,"2.9 to 2.9.1, 2.8 to 2.8.7, 2.7 to 2.7.9 and earlier unsupported versions","2.9.2, 2.8.8 and 2.7.10",CVE-2015-5268,
Serious,"2.9 to 2.9.1, 2.8 to 2.8.7, 2.7 to 2.7.9 and earlier unsupported versions","2.9.2, 2.8.8 and 2.7.10",CVE-2015-5267,
Minor,"2.9 to 2.9.1, 2.8 to 2.8.7, 2.7 to 2.7.9 and earlier unsupported versions","2.9.2, 2.8.8 and 2.7.10",CVE-2015-5266,
Minor,"2.9 to 2.9.1, 2.8 to 2.8.7, 2.7 to 2.7.9 and earlier unsupported versions","2.9.2, 2.8.8 and 2.7.10",CVE-2015-5265,
Minor,2.7 to 2.7.9 and earlier unsupported versions,2.7.10,CVE-2015-5272,
Minor,"2.9 to 2.9.1, 2.8 to 2.8.7, 2.7 to 2.7.9 and earlier unsupported versions","2.9.2, 2.8.8 and 2.7.10",CVE-2015-5264,
Minor,"2.9, 2.8 to 2.8.6, 2.7 to 2.7.8 and earlier unsupported versions","2.9.1, 2.8.7 and 2.7.9",CVE-2015-3275,
Minor,"2.9, 2.8 to 2.8.6, 2.7 to 2.7.8 and earlier unsupported versions","2.9.1, 2.8.7 and 2.7.9",CVE-2015-3274,
Minor,2.9,2.9.1,CVE-2015-3273,
Minor,"2.9, 2.8 to 2.8.6, 2.7 to 2.7.8 and earlier unsupported versions","2.9.1, 2.8.7 and 2.7.9",CVE-2015-3272,
Minor,"2.8 to 2.8.5, 2.7 to 2.7.7, 2.6 to 2.6.10 and earlier unsupported versions","2.9, 2.8.6, 2.7.8 and 2.6.11",CVE-2015-3181,
Minor,"2.8 to 2.8.5, 2.7 to 2.7.7, 2.6 to 2.6.10 and earlier unsupported versions","2.9, 2.8.6, 2.7.8 and 2.6.11",CVE-2015-3180,
Minor,"2.8 to 2.8.5, 2.7 to 2.7.7, 2.6 to 2.6.10 and earlier unsupported versions","2.9, 2.8.6, 2.7.8 and 2.6.11",CVE-2015-3179,
Serious,"2.8 to 2.8.5, 2.7 to 2.7.7, 2.6 to 2.6.10 and earlier unsupported versions","2.9, 2.8.6, 2.7.8 and 2.6.11",CVE-2015-3178,
Minor,2.8 to 2.8.5,2.9 and 2.8.6,CVE-2015-3177,
Serious,"2.8 to 2.8.5, 2.7 to 2.7.7, 2.6 to 2.6.10 and earlier unsupported versions","2.9, 2.8.6, 2.7.8 and 2.6.11",CVE-2015-3176,
Minor,"2.8 to 2.8.5, 2.7 to 2.7.7, 2.6 to 2.6.10 and earlier unsupported versions","2.9, 2.8.6, 2.7.8 and 2.6.11",CVE-2015-3175,
Minor,"2.8 to 2.8.5, 2.7 to 2.7.7, 2.6 to 2.6.10 and earlier unsupported versions","2.9, 2.8.6, 2.7.8 and 2.6.11",CVE-2015-3174,
Minor,"2.8 to 2.8.3, 2.7 to 2.7.5, 2.6 to 2.6.8 and earlier unsupported versions","2.8.4, 2.7.6 and 2.6.9",CVE-2015-2273,
Serious,"2.8 to 2.8.3, 2.7 to 2.7.5, 2.6 to 2.6.8 and earlier unsupported versions","2.8.4, 2.7.6 and 2.6.9",CVE-2015-2272,
Minor,"2.8 to 2.8.3, 2.7 to 2.7.5, 2.6 to 2.6.8 and earlier unsupported versions","2.8.4, 2.7.6 and 2.6.9",CVE-2015-2271,
Minor,"2.8 to 2.8.3, 2.7 to 2.7.5, 2.6 to 2.6.8 and earlier unsupported versions","2.8.4, 2.7.6 and 2.6.9",CVE-2015-2270,
Minor,"2.8 to 2.8.3, 2.7 to 2.7.5, 2.6 to 2.6.8 and earlier unsupported versions","2.8.4, 2.7.6 and 2.6.9",CVE-2015-2269,
Serious,"2.8 to 2.8.3, 2.7 to 2.7.5, 2.6 to 2.6.8 and earlier unsupported versions","2.8.4, 2.7.6 and 2.6.9",CVE-2015-2268,
Serious,"2.8 to 2.8.3, 2.7 to 2.7.5, 2.6 to 2.6.8 and earlier unsupported versions","2.8.4, 2.7.6 and 2.6.9",CVE-2015-2267,
Minor,"2.8 to 2.8.3, 2.7 to 2.7.5, 2.6 to 2.6.8 and earlier unsupported versions","2.8.4, 2.7.6 and 2.6.9",CVE-2015-2266,
Serious,"2.8 to 2.8.2, 2.7 to 2.7.4, 2.6 to 2.6.7 and earlier unsupported versions.The earlies affected version is 2.3 on Windows servers and 2.5 on servers with other OS. It is highly recommended to apply patch manually if you are running unsupported version or otherwise unable to upgrade.","2.8.3, 2.7.5 and 2.6.8",CVE-2015-1493 (also aliased as CVE-2015-0246),
Serious,"2.8 to 2.8.1, 2.7 to 2.7.3, 2.6 to 2.6.6 and earlier unsupported versions","2.8.2, 2.7.4 and 2.6.7",CVE-2015-0218,
Serious,"2.8 to 2.8.1, 2.7 to 2.7.3, 2.6 to 2.6.6 and earlier unsupported versions","2.8.2, 2.7.4 and 2.6.7",CVE-2015-0217,
Minor,2.8 to 2.8.1,2.8.2,CVE-2015-0216,
Minor,"2.8 to 2.8.1, 2.7 to 2.7.3, 2.6 to 2.6.6 and earlier unsupported versions","2.8.2, 2.7.4 and 2.6.7",CVE-2015-0215,
Minor,"2.8 to 2.8.1, 2.7 to 2.7.3, 2.6 to 2.6.6 and earlier unsupported versions","2.8.2, 2.7.4 and 2.6.7",CVE-2015-0214,
Serious,"2.8 to 2.8.1, 2.7 to 2.7.3, 2.6 to 2.6.6 and earlier unsupported versions","2.8.2, 2.7.4 and 2.6.7",CVE-2015-0213,
Serious,"2.8 to 2.8.1, 2.7 to 2.7.3, 2.6 to 2.6.6 and earlier unsupported versions","2.8.2, 2.7.4 and 2.6.7",CVE-2015-0212,
Minor,"2.8 to 2.8.1, 2.7 to 2.7.3, 2.6 to 2.6.6 and earlier unsupported versions","2.8.2, 2.7.4 and 2.6.7",CVE-2015-0211,
Minor,"2.7 to 2.7.2, 2.6 to 2.6.5, 2.5 to 2.5.8 and earlier                   unsupported versions","2.8, 2.7.3, 2.6.6 and 2.5.9",-,
Minor,"2.7 to 2.7.2, 2.6 to 2.6.5, 2.5 to 2.5.8 and earlier                   unsupported versions","2.8, 2.7.3, 2.6.6 and 2.5.9",CVE-2014-7838,
Minor,"2.7 to 2.7.2, 2.6 to 2.6.5, 2.5 to 2.5.8 and earlier                   unsupported versions","2.8, 2.7.3, 2.6.6 and 2.5.9",CVE-2014-7837,
Serious,"2.7 to 2.7.2, 2.6 to 2.6.5, 2.5 to 2.5.8 and earlier                   unsupported versions","2.8, 2.7.3, 2.6.6 and 2.5.9",CVE-2014-7836,
Serious,2.7 to 2.7.2 and 2.6 to 2.6.5,"2.8, 2.7.3 and 2.6.6",CVE-2014-7835,
Minor,"2.7 to 2.7.2, 2.6 to 2.6.5","2.8, 2.7.3 and 2.6.6",CVE-2014-7848,
Minor,"2.7 to 2.7.2, 2.6 to 2.6.5","2.8, 2.7.3 and 2.6.6",CVE-2014-7834,
Minor,"2.7 to 2.7.2, 2.6 to 2.6.5, 2.5 to 2.5.8 and earlier                   unsupported versions","2.8, 2.7.3, 2.6.6 and 2.5.9",CVE-2014-7847,
Serious,"2.7 to 2.7.2, 2.6 to 2.6.5, 2.5 to 2.5.8 and earlier                   unsupported versions","2.8, 2.7.3, 2.6.6 and 2.5.9",CVE-2014-7846,
Minor,"2.7 to 2.7.2, 2.6 to 2.6.5, 2.5 to 2.5.8 and earlier unsupported versions","2.8, 2.7.3, 2.6.6 and 2.5.9",CVE-2014-7833,
Serious,"2.7 to 2.7.2, 2.6 to 2.6.5, 2.5 to 2.5.8 and earlier unsupported versions","2.8, 2.7.3, 2.6.6 and 2.5.9",CVE-2014-7832,
Serious,2.7 and 2.7.2,"2.8, 2.7.3",CVE-2014-7831,
Minor,"2.7 to 2.7.2, 2.6 to 2.6.5, 2.5 to 2.5.8 and earlier unsupported versions","2.8, 2.7.3, 2.6.6 and 2.5.9",CVE-2014-7845,
Serious,"2.7 to 2.7.2, 2.6 to 2.6.5, 2.5 to 2.5.8 and earlier unsupported versions","2.8, 2.7.3, 2.6.6 and 2.5.9",CVE-2014-7830,
Minor,"2.7 to 2.7.2, 2.6 to 2.6.5, 2.5 to 2.5.8 and earlier unsupported versions","2.8, 2.7.3, 2.6.6 and 2.5.9",-,
Minor,"2.7 to 2.7.1, 2.6 to 2.6.4, 2.5 to 2.5.7 and earlier unsupported versions","2.7.2, 2.6.5 and 2.5.8",CVE-2014-3617,
Serious,"2.7 to 2.7.1, 2.6 to 2.6.4, 2.5 to 2.5.7 and earlier unsupported versions",2.7.2 and 2.6.5 (NOTE: A fix to 2.5 was not possible. CAS users with Moodle 2.5 or earlier are encouraged to upgrade to a more recent release.),CVE-2014-4172,
Serious,"2.7, 2.6 to 2.6.3, 2.5 to 2.5.6, 2.4 to 2.4.10 and earlier unsupported versions","2.7.1, 2.6.4, 2.5.7 and 2.4.11",CVE-2014-3551,
Serious,2.7,2.7.1,CVE-2014-3550,
Serious,2.7,2.7.1,CVE-2014-3549,
Minor,"2.7, 2.6 to 2.6.3, 2.5 to 2.5.6, 2.4 to 2.4.10 and earlier unsupported versions","2.7.1, 2.6.4, 2.5.7 and 2.4.11",CVE-2014-3548,
Serious,"2.7, 2.6 to 2.6.3, 2.5 to 2.5.6","2.7.1, 2.6.4 and 2.5.7",CVE-2014-3547,
Minor,"2.7, 2.6 to 2.6.3, 2.5 to 2.5.6, 2.4 to 2.4.10 and earlier unsupported versions","2.7.1, 2.6.4, 2.5.7 and 2.4.11",CVE-2014-3553,
Serious,"2.7, 2.6 to 2.6.3, 2.5 to 2.5.6, 2.4 to 2.4.10 and earlier unsupported versions","2.7.1, 2.6.4, 2.5.7 and 2.4.11",CVE-2014-3546,
Serious,"2.7, 2.6 to 2.6.3, 2.5 to 2.5.6, 2.4 to 2.4.10 and earlier unsupported versions","2.7.1, 2.6.4, 2.5.7 and 2.4.11",CVE-2014-3545,
Serious,"2.7, 2.6 to 2.6.3, 2.5 to 2.5.6, 2.4 to 2.4.10 and earlier unsupported versions","2.7.1, 2.6.4, 2.5.7 and 2.4.11",CVE-2014-3544,
Serious,"2.7, 2.6 to 2.6.3, 2.5 to 2.5.6, 2.4 to 2.4.10 and earlier unsupported versions","2.7.1, 2.6.4, 2.5.7 and 2.4.11",CVE-2014-3543,
Serious,"2.7, 2.6 to 2.6.3, 2.5 to 2.5.6, 2.4 to 2.4.10 and earlier unsupported versions","2.7.1, 2.6.4, 2.5.7 and 2.4.11",CVE-2014-3542,
Serious,"2.7, 2.6 to 2.6.3, 2.5 to 2.5.6, 2.4 to 2.4.10 and earlier unsupported versions","2.7.1, 2.6.4, 2.5.7 and 2.4.11",CVE-2014-3541,
Serious,"2.5 to 2.5.6, 2.4 to 2.4.10 and earlier unsupported versions",2.5.7 and 2.4.11,CVE-2014-3552,
Serious,"2.6 to 2.6.2, 2.5 to 2.5.5, 2.4 to 2.4.9 and earlier unsupported versions","2.7, 2.6.3, 2.5.6 and 2.4.10",CVE-2014-0218,
Minor,2.6 to 2.6.2,2.7 and 2.6.3,CVE-2014-0217,
Minor,"2.6 to 2.6.2, 2.5 to 2.5.5, 2.4 to 2.4.9 and earlier unsupported versions","2.7, 2.6.3, 2.5.6 and 2.4.10",CVE-2014-0216,
Minor,"2.6 to 2.6.2, 2.5 to 2.5.5, 2.4 to 2.4.9 and earlier unsupported versions","2.7, 2.6.3, 2.5.6 and 2.4.10",CVE-2014-0215,
Minor,"2.6 to 2.6.2, 2.5 to 2.5.5, 2.4 to 2.4.9 and earlier unsupported versions","2.7, 2.6.3, 2.5.6 and 2.4.10",CVE-2014-0214,
Serious,"2.6 to 2.6.2, 2.5 to 2.5.5, 2.4 to 2.4.9 and earlier unsupported versions","2.7, 2.6.3, 2.5.6 and 2.4.10",CVE-2014-0213,
Minor,2.6 to 2.6.1,2.6.2,CVE-2014-2572,
Minor,2.6 to 2.6.1 and 2.5 to 2.5.4,2.6.2 and 2.5.5,CVE-2014-0129,
Serious,"2.6 to 2.6.1, 2.5 to 2.5.4, 2.4 to 2.4.8 and earlier unsupported versions","2.6.2, 2.5.5 and 2.4.9",CVE-2014-0126,
Serious,"2.6 to 2.6.1, 2.5 to 2.5.4, 2.4 to 2.4.8 and earlier unsupported versions","2.6.2, 2.5.5 and 2.4.9",CVE-2014-0125,
Minor,"2.6 to 2.6.1, 2.5 to 2.5.4, 2.4 to 2.4.8 and earlier unsupported versions","2.6.2, 2.5.5 and 2.4.9",CVE-2014-0124,
Minor,"2.6 to 2.6.1, 2.5 to 2.5.4, 2.4 to 2.4.8 and earlier unsupported versions","2.6.2, 2.5.5 and 2.4.9",CVE-2013-7341,
Serious,"2.6 to 2.6.1, 2.5 to 2.5.4, 2.4 to 2.4.8 and earlier unsupported versions","2.6.2, 2.5.5 and 2.4.9",CVE-2014-0123,
Minor,"2.6 to 2.6.1, 2.5 to 2.5.4, 2.4 to 2.4.8 and earlier unsupported versions","2.6.2, 2.5.5 and 2.4.9",CVE-2014-0122,
Minor,"2.6 to 2.6.1, 2.5 to 2.5.4, 2.4 to 2.4.8 and earlier unsupported versions","2.6.2, 2.5.5 and 2.4.9",CVE-2014-0127,
Minor,"2.6 to 2.6.1, 2.5 to 2.5.4, 2.4 to 2.4.8 and earlier unsupported versions","2.6.2, 2.5.5 and 2.4.9",CVE-2014-2571,
Serious,"2.6, 2.5 to 2.5.4, 2.4 to 2.4.7, 2.3 to 2.3.10 and earlier unsupported versions","2.6.1, 2.5.4, 2.4.8 and 2.3.11",CVE-2014-0010,
Minor,"2.6, 2.5 to 2.5.4, 2.4 to 2.4.7, 2.3 to 2.3.10 and earlier unsupported versions","2.6.1, 2.5.4, 2.4.8 and 2.3.11",CVE-2014-0009,
Minor,"2.6, 2.5 to 2.5.4, 2.4 to 2.4.7 and earlier unsupported versions","2.6.1, 2.5.4 and 2.4.8",CVE-2014-0008,
Serious,2.3 to 2.3.9 and earlier unsupported versions,2.3.10,CVE-2013-6780,
Serious,"2.5 to 2.5.2, 2.4 to 2.4.6, 2.3 to 2.3.9 and earlier unsupported versions","2.6, 2.5.3, 2.4.7 and 2.3.10",CVE-2013-4525,
Serious,"2.5 to 2.5.2, 2.4 to 2.4.6, 2.3 to 2.3.9 and earlier unsupported versions","2.6, 2.5.3, 2.4.7 and 2.3.10",CVE-2013-4524,
Serious,"2.5 to 2.5.2, 2.4 to 2.4.6, 2.3 to 2.3.9 and earlier unsupported versions","2.6, 2.5.3, 2.4.7 and 2.3.10",CVE-2013-4523,
Minor,"2.5 to 2.5.2, 2.4 to 2.4.6, 2.3 to 2.3.9 and earlier unsupported versions","2.6, 2.5.3, 2.4.7 and 2.3.10",CVE-2013-4522,
Serious,"2.5 to 2.5.1, 2.4 to 2.4.5, 2.3 to 2.3.8, previous unsupported versions","2.5.2, 2.4.6 and 2.3.9",CVE-2013-4341,
Serious,2.5 to 2.5.1,2.5.2,CVE-2013-5674,
Serious,"2.5 to 2.5.1, 2.4 to 2.4.5, 2.3 to 2.3.8, previous unsupported versions","2.5.2, 2.4.6 and 2.3.9",CVE-2013-4313,
Minor,"2.5 to 2.5.1, 2.4 to 2.4.5, 2.3 to 2.3.8, previous unsupported versions","2.5.2, 2.4.6 and 2.3.9",CVE-2012-6087,
Minor,"2.5, 2.4 to 2.4.4, 2.3 to 2.3.7, 2.2 to 2.2.10,earlier unsupported versions","2.5.1, 2.4.5, 2.3.8 and 2.2.11",CVE-2013-2246,
Serious,"2.5, 2.4 to 2.4.4, 2.3 to 2.3.7, 2.2 to 2.2.10,earlier unsupported versions","2.5.1, 2.4.5, 2.3.8 and 2.2.11",CVE-2013-2245,
Minor,"2.5, 2.4 to 2.4.4","2.5.1, 2.4.5",CVE-2013-2244,
Minor,"2.5, 2.4 to 2.4.4, 2.3 to 2.3.7,earlier unsupported versions","2.5.1, 2.4.5 and 2.3.8",CVE-2013-2243,
Minor,"2.5, 2.4 to 2.4.4, 2.3 to 2.3.7, 2.2 to 2.2.10,earlier unsupported versions","2.5.1, 2.4.5, 2.3.8 and 2.2.11",CVE-2013-2242,
Minor,"2.5, 2.4 to 2.4.4, 2.3 to 2.3.7, 2.2 to 2.2.10,earlier unsupported versions","2.5.1, 2.4.5, 2.3.8 and 2.2.11",,
Serious,"2.5, 2.4 to 2.4.4, 2.3 to 2.3.7, 2.2 to 2.2.10,earlier unsupported versions","2.5.1, 2.4.5, 2.3.8 and 2.2.11",,
Minor,"2.4 to 2.4.3, 2.3 to 2.3.6, 2.2 to 2.2.9, earlier unsupported versions","2.5, 2.4.4, 2.3.7 and 2.2.10",CVE-2013-2083,
Serious,"2.4 to 2.4.3, 2.3 to 2.3.6, 2.2 to 2.2.9, earlier unsupported versions","2.5, 2.4.4, 2.3.7 and 2.2.10",CVE-2013-2082,
Minor,"2.4 to 2.4.3, 2.3 to 2.3.6, 2.2 to 2.2.9, earlier unsupported versions","2.5, 2.4.4, 2.3.7 and 2.2.10",CVE-2013-2081,
Minor,"2.4 to 2.4.3, 2.3 to 2.3.6, earlier unsupported versions","2.5, 2.4.4 and 2.3.7",CVE-2013-2080,
Serious,"2.4 to 2.4.3, 2.3 to 2.3.6","2.5, 2.4.4 and 2.3.7",CVE-2013-2079,
Serious,"2.4 to 2.4.1, 2.3 to 2.3.4, 2.2 to 2.2.7, earlier unsupported versions (2.x only)","2.4.2 and 2.4.3, 2.3.5 and 2.3.6, 2.2.8 and 2.2.9",CVE-2013-1836,
Serious,"2.4 to 2.4.1, 2.3 to 2.3.4, 2.2 to 2.2.7, earlier unsupported versions (2.x only)","2.4.2 and 2.4.3, 2.3.5 and 2.3.6, 2.2.8 and 2.2.9",CVE-2013-1835,
Minor,"2.4 to 2.4.1, 2.3 to 2.3.4, 2.2 to 2.2.7, earlier unsupported versions (1.9 onwards)","2.4.2 and 2.4.3, 2.3.5 and 2.3.6, 2.2.8 and 2.2.9",CVE-2013-1834,
Serious,"2.4 to 2.4.1, 2.3 to 2.3.4, 2.2 to 2.2.7, earlier unsupported versions (2.x only)","2.4.2 and 2.4.3, 2.3.5 and 2.3.6, 2.2.8 and 2.2.9",CVE-2012-3363,
Serious,"2.4 to 2.4.1, 2.3 to 2.3.4, 2.2 to 2.2.7, earlier unsupported versions (2.x only)","2.4.2 and 2.4.3, 2.3.5 and 2.3.6, 2.2.8 and 2.2.9",CVE-2013-1833,
Minor,"2.4 to 2.4.1, 2.3 to 2.3.4, 2.2 to 2.2.7, earlier unsupported versions (2.x only)","2.4.2 and 2.4.3, 2.3.5 and 2.3.6, 2.2.8 and 2.2.9",CVE-2013-1832,
Minor,"2.4 to 2.4.1, 2.3 to 2.3.4, 2.2 to 2.2.7, earlier unsupported versions","2.4.2 and 2.4.3, 2.3.5 and 2.3.6, 2.2.8 and 2.2.9",CVE-2013-1831,
Minor,"2.4 to 2.4.1, 2.3 to 2.3.4, 2.2 to 2.2.7, earlier unsupported versions","2.4.2 and 2.4.3, 2.3.5 and 2.3.6, 2.2.8 and 2.2.9",CVE-2013-1830,
Minor,2.4 to 2.4.1,2.4.2 and 2.4.3,CVE-2013-1829,
Minor,2.4,,CVE-2012-6106,
Minor,"2.4, 2.3 to 2.3.3+, 2.2 to 2.2.6+, 2.1 to 2.1.9+",,CVE-2012-6105,
Minor,"2.4, 2.3 to 2.3.3+, 2.2 to 2.2.6+",,CVE-2012-6104,
Minor,"2.4, 2.3 to 2.3.3+, 2.2 to 2.2.6+",,CVE-2012-6103,
Serious,"2.4, 2.3 to 2.3.3+",,CVE-2012-6102,
Minor,"2.4, 2.3 to 2.3.3+, 2.2 to 2.2.6+",,CVE-2012-6101,
Minor,"2.4, 2.3 to 2.3.3+, 2.2 to 2.2.6+",,CVE-2012-6100,
Serious,"2.4, 2.3 to 2.3.3+, 2.2 to 2.2.6+, 2.1 to 2.1.9+",,CVE-2012-6099,
Minor,"2.4, 2.3 to 2.3.3+, 2.2 to 2.2.6+, 2.1 to 2.1.9+ 1.9 to 1.9.19",,CVE-2012-6098,
Serious,"2.4, 2.3 to 2.3.3+, 2.2 to 2.2.6+, 2.1 to 2.1.9+",,CVE-2012-6112,
Minor,2.3 to 2.3.2+,,,
Minor,"2.3 to 2.3.2+, 2.2 to 2.2.5+, 2.1 to 2.1.8+",,,
Serious,"2.3 to 2.3.2+, 2.2 to 2.2.5+, 2.1 to 2.1.8+",,,
Serious,"2.3 to 2.3.2+, 2.2 to 2.2.5+, 2.1 to 2.1.8+ 1.9 to 1.9.18+",,,
Minor,"2.3 to 2.3.2+, 2.2 to 2.2.5+, 2.1 to 2.1.8+",,,
Minor,"2.3 to 2.3.2+, 2.2 to 2.2.5+",,,
Serious,"2.3 to 2.3.2+, 2.2 to 2.2.5+, 2.1 to 2.1.8+",,,
Minor,2.3 to 2.3.1+,,,
Serious,"2.3 to 2.3.1+, 2.2 to 2.2.4+, 2.1 to 2.1.7+",,,
Minor,"2.3 to 2.3.1+, 2.2 to 2.2.4+, 2.1 to 2.1.7+",,,
Minor,"2.3 to 2.3.1+, 2.2 to 2.2.4+, 2.1 to 2.1.7+",,,
Minor,"2.3 to 2.3.1+, 2.2 to 2.2.4+",,,
Minor,"2.3 to 2.3.1+, 2.2 to 2.2.4+",,,
Minor,"2.2 to 2.2.3+, 2.1 to 2.1.6+, 2.0 to 2.0.9+, 1.9 to 1.9.18+",,,
Minor,"2.3, 2.2 to 2.2.3+, 2.1 to 2.1.6+, 2.0 to 2.0.9+",,,
Minor,"2.3, 2.2 to 2.2.3+, 2.1 to 2.1.6+, 2.0 to 2.0.9+",,,
Serious,"2.2 to 2.2.3+, 2.1 to 2.1.6+, 2.0 to 2.0.9+",,,
Minor,"2.3, 2.2 to 2.2.3+, 2.1 to 2.1.6+, 2.0 to 2.0.9+",,,
Minor,"2.2 to 2.2.3+, 2.1 to 2.1.6+",,,
Minor,"2.2 to 2.2.3+, 2.1 to 2.1.6+",,,
Minor,"2.2 to 2.2.3+, 2.1 to 2.1.6+",,,
Minor,"2.2 to 2.2.3+, 2.1 to 2.1.6+",,,
Serious,"2.3, 2.2 to 2.2.3+",,,
Minor,"2.3, 2.2 to 2.2.3+",,,
Minor,2.3,,,
Minor,"2.2 to 2.2.2+, 2.1 to 2.1.5+, 2.0 to 2.0.8+, 1.9 to 1.9.17+",,,
Minor,"2.2 to 2.2.2+, 2.1 to 2.1.5+",,,
Serious,"2.2 to 2.2.2+, 2.1 to 2.1.5+, 2.0 to 2.0.8+",,,
Minor,"2.2 to 2.2.2+, 2.1 to 2.1.5+, 2.0 to 2.0.8+",,,
Serious,1.9 to 1.9.17+,,,
Serious,1.9 to 1.9.17+,,,
Serious,"2.2 to 2.2.2+, 2.1 to 2.1.5+, 2.0 to 2.0.8+",,,
Serious,"2.2 to 2.2.2+, 2.1 to 2.1.5+, 2.0 to 2.0.8+",,,
Serious,"2.2 to 2.2.2+, 2.1 to 2.1.5+, 2.0 to 2.0.8+",,,
Minor,"2.2 to 2.2.2+, 2.1 to 2.1.5+, 2.0 to 2.0.8+",,,
Minor,"2.2 to 2.2.2+, 2.1 to 2.1.5+",,,
Minor,"2.2 to 2.2.2+, 2.1 to 2.1.5+",,,
Minor,"2.2 to 2.2.2+, 2.1 to 2.1.5+",,,
Serious,"2.2 to 2.2.2+, 2.1 to 2.1.5+",,,
Minor,"2.2 to 2.2.2+, 2.1 to 2.1.5+",,,
,2.2 to 2.2.1+,,,
,"2.2 to 2.2.1+, 2.1 to 2.1.4+",,,
,"2.2 to 2.2.1+, 2.1 to 2.1.4+",,,
,"2.2 to 2.2.1+, 2.1 to 2.1.4+",,,
,"2.2 to 2.2.1+, 2.1 to 2.1.4+",,,
,"2.2 to 2.2.1+, 2.1 to 2.1.4+",,,
,"2.2 to 2.2.1+, 2.1 to 2.1.4+, 2.0 to 2.0.7+",,,
,"2.2 to 2.2.1+, 2.1 to 2.1.4+, 2.0 to 2.0.7+",,,
,"2.2 to 2.2.1+, 2.1 to 2.1.4+, 2.0 to 2.0.7+",,,
,"2.2 to 2.2.1+, 2.1 to 2.1.4+, 2.0 to 2.0.7+",,,
,"2.2 to 2.2.1+, 2.1 to 2.1.4+, 2.0 to 2.0.7+, 1.9 to 1.9.16+",,,
,"2.2, 2.1 to 2.1.3+ (earlier versions unaffected)",,,
,"2.2, 2.1 to 2.1.3+, 2.0 to 2.0.6+ (1.9 not affected)",,,
,"2.1 to 2.1.3+, 2.0 to 2.0.6+ (2.2, 1.9 not affected)",,,
,"2.2, 2.1 to 2.1.3+ (earlier versions unaffected)",,,
,"2.2, 2.1 to 2.1.3+, 2.0 to 2.0.6+ (1.9 not affected)",,,
,"2.2, 2.1 to 2.1.3+, 2.0 to 2.0.6+, 1.9 to 1.9.15+",,,
,"2.2, 2.1 to 2.1.3+, 2.0 to 2.0.6+, 1.9 to 1.9.15+",,,
,"2.2, 2.1 to 2.1.3+, 2.0 to 2.0.6+, 1.9 to 1.9.15+",,,
,"2.2, 2.1 to 2.1.3+, 2.0 to 2.0.6+, 1.9 to 1.9.15+",,,
,"2.2, 2.1 to 2.1.3+, 2.0 to 2.0.6+, 1.9 to 1.9.15+",,,
,1.9 to 1.9.15+ (later versions not affected),,,
,"2.2, 2.1 to 2.1.3+, 2.0 to 2.0.6+, 1.9 to 1.9.15+",,,
,"2.1 to 2.1.2+, 2.0 to 2.0.5+, 1.9 to 1.9.14+",,,
,"2.1 to 2.1.2+, 2.0 to 2.0.5+ (1.9.x not affected)",,,
,"2.1 to 2.1.2+, 2.0 to 2.0.5+ (1.9.x not affected)",,,
,"2.1 to 2.1.2+, 2.0 to 2.0.5+ (1.9.x not affected)",,,
,"2.1 to 2.1.2+, 2.0 to 2.0.5+ (1.9.x not affected)",,,
,1.9 to 1.9.14+ (2.x not affected),,,
,"2.1 to 2.1.2+, 2.0 to 2.0.5+, 1.9 to 1.9.14+",,,
,"2.1 to 2.1.2+, 2.0 to 2.0.5+, 1.9 to 1.9.14+",,,
,1.9 to 1.9.14+ (2.x not affected),,,
,"2.1 to 2.1.2+, 2.0 to 2.0.5+, 1.9 to 1.9.14+",,,
,"2.1 to 2.1.2+, 2.0 to 2.0.5+ (1.9.x not affected)",,,
,"2.1 to 2.1.2+ (2.0.x, 1.9.x not affected)",,,
,"2.1 to 2.1.2+, 2.0 to 2.0.5+ (1.9.x not affected)",,,
,"< 2.1.2, < 2.0.5 (1.9.x not affected)",,,
,"< 2.1.2, < 2.0.5, < 1.9.14",,,
,"< 2.1.2, < 2.0.5 (1.9.x not affected)",,,
,< 1.9.14 (2.x not affected),,,
,< 1.9.14 (2.x not affected),,,
,< 1.9.14 (2.x not affected),,,
,"< 2.1.2, < 2.0.5 (1.9.x could also be vulnerable if misconfigured)",,,
,"< 2.1.2, < 2.0.5 (1.9.x not affected)",,,
,"< 2.1.2, < 2.0.5 (1.9.x not affected)",,,
,"< 2.1.2, < 2.0.5, < 1.9.14",,,
,"< 2.1.2, < 2.0.5, < 1.9.14",,,
,"< 2.1.2, < 2.0.5 (1.9.x not affected)",,,
,"< 2.1.2, < 2.0.5 (1.9.x not affected)",,,
,"< 2.1.2, < 2.0.5 (1.9.x not affected)",,,
,"< 2.1.2, < 2.0.5 (1.9.x not affected)",,,
,< 1.9.13 (2.x not affected),,,
,< 1.9.13 (2.x not affected),,,
,< 1.9.13 (2.x not affected),,,
,"< 2.0.4, < 2.1.1 (1.9.x not affected)",,,
,"< 2.0.4, < 2.1.1 (1.9.x not affected)",,,
,"< 2.0.4, < 2.1.1 (1.9.x not affected)",,,
,"< 1.9.13, < 2.0.4, < 2.1.1",,,
,"< 2.0.4, < 2.1.1 (1.9.x not affected)",,,
,"< 2.0.4, < 2.1.1 (1.9.x not affected)",,,
,< 2.0.3 (1.9.x not affected),,,
,< 2.0.3 (1.9.x not affected),,,
,< 1.9.12,,,
,< 2.0.3 (1.9.x not affected),,,
,< 1.9.12 and < 2.0.3,,,
,< 2.0.3 (1.9.x not affected),,,
,<1.9.11 and <2.0.2,,,
,<2.0.2 (1.9.x not affected),,,
,<2.0.2 (1.9.x not affected),,,
,<1.9.11 and <2.0.2,,,
,<2.0.2 (1.9.x not affected),,,
,<2.0.2 (1.9.x not affected),,,
,<2.0.2 (1.9.x not affected),,,
,<2.0.2 (1.9.x not affected),,,
,<1.9.11 and <2.0.2,,,
,<1.9.11 (2.0.x not vulnerable),,,
,all,,,
,all,,,
,< 1.9.10,,,
,< 1.9.10,,,
,< 1.9.10 and < 1.8.14,,,
,all,,,
Major,<1.8.13 and <1.9.9,,,
Critical,<1.8.13 and <1.9.9,,,
Critical,<1.8.13 and <1.9.9,,,
Minor,<1.8.13 and <1.9.9,,,
Major,1.8.x and <1.9.8,,,
Major,<1.8.12 and <1.9.8,,,
Major (if global search enabled),<1.8.12 and <1.9.8,,,
Critical,<1.8.12 and <1.9.8,,,
Critical,<1.8.12 and <1.9.8,,,
Minor,1.8.x and <1.9.8,,,
Minor - privacy,<1.8.12 and <1.9.8,,,
Major (if using CAS),<1.8.12 and <1.9.8,,,
Major,<1.8.12 and <1.9.8,,,
Minor,<1.8.11 and <1.9.7,,,
Major,<1.9.7,,,
Critical,<1.8.11 and <1.9.7,,,
Critical,<1.8.11 and <1.9.7,,,
Minor,<1.8.11 and <1.9.7,,,
Major,<1.8.11 and <1.9.7,,,
Major,<1.8.11 and <1.9.7,,,
Major,<1.8.11 and <1.9.7,,,
Major,<1.8.11 and <1.9.7,,,
Major,<1.8.11 and <1.9.7,,,
Critical (only servers using Oracle and MS SQL databases),<1.9.6,,,
Minor,<1.9.6,,,
Critical,"<1.9.6, <1.8.10, 1.7.x",,,
Minor,"<1.9.6, <1.8.10",,,
Minor,<1.9.6,,,
Minor,<1.9.6,,,
,all,,,
Major,all,,,
,all,,,
,< 1.9.5,,,
,"< 1.9.5, < 1.8.9, 1.7.x, 1.6.x",,,
,"< 1.9.5, < 1.8.9, 1.7.x, 1.6.x",,,
,"<= 1.9.4, <= 1.8.8, <= 1.7.7, <=1.6.9",,,
,"< 1.9.4, < 1.8.8, < 1.7.7",,,
,"< 1.9.4, < 1.8.8, < 1.7.7, < 1.6.9",,,
,"< 1.9.4, < 1.8.8",,,
,"< 1.9.4, < 1.8.8, < 1.7.7, < 1.6.9",,,
,"< 1.9.4, < 1.8.8, < 1.7.7, < 1.6.9",,,
,"< 1.9.4, < 1.8.8, < 1.7.7, < 1.6.9",,,
,"< 1.9.4, < 1.8.8",,,
,"< 1.9.4, < 1.8.8",,,
,all,,,
,all,,,
,"1.9.0, 1.9.1, 1.9.2",,,
,"1.9.0, 1.9.1, 1.9.2",,,
,"< 1.8.7, < 1.9.3",,,
,"< 1.6.8, < 1.7.6, < 1.8.7, < 1.9.3",,,
,"< 1.6.8, < 1.7.6, < 1.8.7, < 1.9.3",,,
,"< 1.6.8, < 1.7.6, < 1.8.7, < 1.9.3",,,
,"< 1.7.6, < 1.8.7, < 1.9.3",,,
,all,,,
,all,,,
,all,,,
,"< 1.8.6, <1.9.2",,,
,"<1.6.7, <1.7.5, <1.8.6, <1.9.2",,,
,1.9.0 and 1.9.1 only,,,
,"<1.6.7, <1.7.5",,,
,"1.9.0, 1.9.1",,,
,all version,,,
,"<1.6.7, <1.7.5, <1.8.6, <1.9.2",,,
,"<1.6.7, <1.7.5",,,
,"<1.6.7, <1.7.5, <1.8.5",,,
,All previous versions (only if this module installed),,,
,<1.8.4,,,
,<1.7.x<1.8.4,,,
,1.5.x<1.6.6<1.7.4<1.8.4,,,
,1.8-1.8.3,,,
,1.5.x<1.6.6<1.7.3,,,
,all past and future versions,,,
